Type 	Product 	Quantity 	Weight (lbs)	Servings	Delivery Date 	Month	Year	Pantry
Greens	Microgreens	22	8.25	150.00	1/13/2023	Jan	2023	NAFP
Greens	Microgreens	27	10.13	184.09	1/23/2023	Jan	2023	NAFP
Greens	Kale		2.66	14.19	3/24/2023	Mar	2023	GRIN
Greens	Mixed Greens		5.42	28.91	3/24/2023	Mar	2023	GRIN
Greens	Kale		7.99	42.61	5/5/2023	May	2023	GRIN
Vegetables	Radishes		1.89	10.08	5/5/2023	May	2023	GRIN
Greens	Collards		6.47	34.51	5/15/2023	May	2023	GRIN
Greens	Kale		2.40	12.80	5/15/2023	May	2023	GRIN
Greens	Lettuce		27.64	147.41	5/15/2023	May	2023	GRIN
Greens	Mixed Greens		9.59	51.15	5/15/2023	May	2023	GRIN
Vegetables	Radishes		1.16	6.19	5/15/2023	May	2023	GRIN
Greens	Collards		6.32	33.71	5/24/2023	May	2023	NAFP
Greens	Kale		4.56	24.32	5/24/2023	May	2023	NAFP
Greens	Mixed Greens		13.73	73.23	5/24/2023	May	2023	NAFP
Vegetables	Radishes		11.79	62.88	5/24/2023	May	2023	NAFP
Greens	Spinach		1.60	8.53	5/24/2023	May	2023	NAFP
Greens	collards		3.08	16.43	5/30/2023	May	2023	Broad St
Greens	kale		7.87	41.97	5/30/2023	May	2023	Broad St
Greens	Lettuce		38.37	204.64	5/30/2023	May	2023	Broad St
Greens	Spinach		5.31	28.32	5/30/2023	May	2023	Broad St
Greens	Spinach		1.08	5.76	5/30/2023	May	2023	Broad St
Greens	collards		4.00	21.33	5/30/2023	May	2023	GRIN
Greens	kale		10.00	53.33	5/30/2023	May	2023	GRIN
Greens	Lettuce		30.00	160.00	5/30/2023	May	2023	GRIN
Greens	Mixed Greens		1.80	9.60	5/30/2023	May	2023	GRIN
Vegetables	Peas		2.08	9.51	5/30/2023	May	2023	GRIN
Greens	Spinach		5.00	26.67	5/30/2023	May	2023	GRIN
Greens	Mixed Greens		12.25	65.33	6/2/2023	Jun	2023	GRIN
Vegetables	Peas		4.71	21.53	6/2/2023	Jun	2023	GRIN
Fruit	Strawberries		2.21	8.42	6/2/2023	Jun	2023	GRIN
Greens	kale		4.52	24.11	6/2/2023	Jun	2023	motherful
Greens	Mixed Greens		65.51	349.39	6/2/2023	Jun	2023	motherful
Vegetables	peas		4.71	21.53	6/2/2023	Jun	2023	motherful
Vegetables	peas		6.22	28.43	6/5/2023	Jun	2023	NAFP
Greens	kale		13.76	73.39	6/7/2023	Jun	2023	NAFP
Greens	Lettuce		8.54	45.55	6/7/2023	Jun	2023	NAFP
Vegetables	peas		10.25	46.86	6/7/2023	Jun	2023	NAFP
Fruit	Strawberries		3.37	12.84	6/7/2023	Jun	2023	NAFP
Greens	collards		11.43	60.96	6/9/2023	Jun	2023	NAFP
Herbs	Herbs		0.40	12.80	6/9/2023	Jun	2023	NAFP
Greens	Lettuce		10.25	54.67	6/9/2023	Jun	2023	NAFP
Vegetables	peas		9.26	42.33	6/9/2023	Jun	2023	NAFP
Greens	Spinach		5.55	29.60	6/9/2023	Jun	2023	NAFP
Herbs	Cilantro		0.12	3.84	6/12/2023	Jun	2023	Broad St
Greens	collards		2.83	15.09	6/12/2023	Jun	2023	Broad St
Herbs	Garlic Scapes		1.03	54.93	6/12/2023	Jun	2023	Broad St
Greens	Lettuce		10.36	55.25	6/12/2023	Jun	2023	Broad St
Vegetables	Peas		11.65	53.26	6/12/2023	Jun	2023	Broad St
Fruit	Strawberries		1.19	4.51	6/12/2023	Jun	2023	Broad St
Greens	Lettuce		10.00	53.33	6/12/2023	Jun	2023	Common Ground
Herbs	Cilantro		0.12	3.84	6/12/2023	Jun	2023	GRIN
Greens	collards		2.83	15.09	6/12/2023	Jun	2023	GRIN
Herbs	Garlic Scapes		1.03	54.93	6/12/2023	Jun	2023	GRIN
Greens	Lettuce		10.37	55.31	6/12/2023	Jun	2023	GRIN
Vegetables	Peas		11.65	53.26	6/12/2023	Jun	2023	GRIN
Fruit	Strawberries		1.19	4.51	6/12/2023	Jun	2023	GRIN
Vegetables	Beets		1.47	4.90	6/16/2023	Jun	2023	GRIN
Flowers	Flower bouquets	10	0.00	0.00	6/16/2023	Jun	2023	GRIN
Greens	Lettuce		31.71	169.12	6/16/2023	Jun	2023	GRIN
Vegetables	Peas		7.79	35.61	6/16/2023	Jun	2023	GRIN
Fruit	Strawberries		0.80	3.05	6/16/2023	Jun	2023	GRIN
Greens	Bok Choy		5.78	36.99	6/16/2023	Jun	2023	Motherful
Greens	collards		2.92	15.57	6/16/2023	Jun	2023	Motherful
Vegetables	Beets		3.28	10.93	6/19/2023	Jun	2023	GRIN
Greens	Bok Choy		28.00	179.20	6/19/2023	Jun	2023	GRIN
Greens	collards		3.32	17.71	6/19/2023	Jun	2023	GRIN
Vegetables	garlic		4.18	133.76	6/19/2023	Jun	2023	GRIN
Greens	Lettuce		14.47	77.17	6/19/2023	Jun	2023	GRIN
Vegetables	peas		7.72	35.29	6/19/2023	Jun	2023	GRIN
Vegetables	Peppers		0.28	0.85	6/19/2023	Jun	2023	GRIN
Vegetables	garlic		4.00	128.00	6/19/2023	Jun	2023	NAFP
Greens	bok Choy		17.75	113.60	6/21/2023	Jun	2023	NAFP
Greens	Mixed Greens		8.86	47.25	6/21/2023	Jun	2023	NAFP
vegetables	peas		2.40	10.97	6/21/2023	Jun	2023	NAFP
Greens	swiss Chard		2.91	15.52	6/21/2023	Jun	2023	NAFP
Greens	Bok Choy		11.55	73.92	6/23/2023	Jun	2023	Motherful
Greens	Collards		3.84	20.48	6/23/2023	Jun	2023	Motherful
Herbs	Basil		1.83	58.56	6/23/2023	Jun	2023	NAFP
Greens	Lettuce		44.18	235.63	6/23/2023	Jun	2023	NAFP
Vegetables	Yellow squash		6.13	28.02	6/23/2023	Jun	2023	NAFP
Vegetables	Beets		16.94	56.47	6/26/2023	Jun	2023	Broad St
Greens	Collards		3.31	17.65	6/26/2023	Jun	2023	Broad St
Vegetables	Daikon Radish		3.90	20.80	6/26/2023	Jun	2023	Broad St
Flowers	Flower bouquets	40	0.00	0.00	6/26/2023	Jun	2023	Broad St
Greens	Kale		6.95	37.07	6/26/2023	Jun	2023	Broad St
Greens	Mixed Greens		54.18	288.96	6/26/2023	Jun	2023	Broad St
Vegetables	Yellow squash		16.82	76.89	6/26/2023	Jun	2023	Broad St
Vegetables	Cucumbers		8.80	40.23	6/27/2023	Jun	2023	GRIN
Vegetables	Carrots		27.50	157.14	6/28/2023	Jun	2023	NNEMAP
Vegetables	Carrots		27.50	157.14	6/30/2023	Jun	2023	Motherful
Vegetables	Yellow squash		17.39	79.50	6/30/2023	Jun	2023	Motherful
Greens	Collards		4.01	21.39	6/30/2023	Jun	2023	NNEMAP
Vegetables	Cucumbers		8.62	39.41	6/30/2023	Jun	2023	NNEMAP
Vegetables	Daikon Radish		12.75	68.00	6/30/2023	Jun	2023	NNEMAP
Herbs	Dill		0.07	2.24	6/30/2023	Jun	2023	NNEMAP
Greens	Kale		1.82	9.71	6/30/2023	Jun	2023	NNEMAP
Greens	Lettuce		44.52	237.44	6/30/2023	Jun	2023	NNEMAP
Vegetables	Yellow squash		33.79	154.47	6/30/2023	Jun	2023	NNEMAP
Vegetables	Beets		16.69	55.63	7/5/2023	Jul	2023	Broad St
Vegetables	Carrots		13.84	79.09	7/5/2023	Jul	2023	Broad St
Greens	Collards		2.64	14.08	7/5/2023	Jul	2023	Broad St
Vegetables	Cucumbers		10.19	46.58	7/5/2023	Jul	2023	Broad St
Vegetables	Daikon Radish		4.57	24.37	7/5/2023	Jul	2023	Broad St
Greens	Kale		1.49	7.95	7/5/2023	Jul	2023	Broad St
Greens	Lettuce		48.14	256.75	7/5/2023	Jul	2023	Broad St
Vegetables	Onions		16.23	49.00	7/5/2023	Jul	2023	Broad St
Vegetables	Onions		1.96	5.92	7/5/2023	Jul	2023	Broad St
Vegetables	Peppers		0.00	0.00	7/5/2023	Jul	2023	Broad St
Vegetables	Yellow squash		65.24	298.24	7/5/2023	Jul	2023	Broad St
Vegetables	Zucchini		0.00	0.00	7/5/2023	Jul	2023	Broad St
Vegetables	Beets		15.00	50.00	7/5/2023	Jul	2023	GRIN
Vegetables	Broccoli		1.70	5.13	7/5/2023	Jul	2023	GRIN
Vegetables	Carrots		10.00	57.14	7/5/2023	Jul	2023	GRIN
Greens	Collards		3.00	16.00	7/5/2023	Jul	2023	GRIN
Vegetables	Daikon Radish		3.00	16.00	7/5/2023	Jul	2023	GRIN
Greens	Kale		1.00	5.33	7/5/2023	Jul	2023	GRIN
Greens	Lettuce		50.00	266.67	7/5/2023	Jul	2023	GRIN
Vegetables	Onions		20.00	60.38	7/5/2023	Jul	2023	GRIN
Vegetables	Onions		1.50	4.53	7/5/2023	Jul	2023	GRIN
Vegetables	Peppers		0.46	1.39	7/5/2023	Jul	2023	GRIN
Vegetables	Zucchini		4.70	21.49	7/5/2023	Jul	2023	GRIN
Vegetables	Cucumbers		4.14	18.93	7/7/2023	Jul	2023	GRIN
Flowers	Flower bouquets	25	0.00	0.00	7/7/2023	Jul	2023	GRIN
Vegetables	Yellow squash		21.50	98.29	7/7/2023	Jul	2023	GRIN
Vegetables	Zucchini		0.72	3.29	7/7/2023	Jul	2023	GRIN
Greens	Lettuce		15.00	80.00	7/7/2023	Jul	2023	In The Garden
Vegetables	Broccoli		2.84	8.57	7/7/2023	Jul	2023	Motherful
Greens	Collards		6.50	34.67	7/7/2023	Jul	2023	Motherful
Greens	Lettuce		25.00	133.33	7/7/2023	Jul	2023	Motherful
Vegetables	Onions		6.26	18.90	7/7/2023	Jul	2023	Motherful
Greens	Lettuce		58.99	314.61	7/7/2023	Jul	2023	NNEMAP
Vegetables	Radishes		5.20	27.73	7/7/2023	Jul	2023	NNEMAP
Greens	Swiss Chard		5.90	31.47	7/7/2023	Jul	2023	NNEMAP
Vegetables	Beans		1.76	9.39	7/10/2023	Jul	2023	GRIN
Vegetables	Broccoli		0.54	1.63	7/10/2023	Jul	2023	GRIN
Vegetables	Cauliflower		10.27	164.32	7/10/2023	Jul	2023	GRIN
Greens	Collards		12.61	67.25	7/10/2023	Jul	2023	GRIN
Vegetables	cucumbers		5.24	23.95	7/10/2023	Jul	2023	GRIN
Greens	kale		9.10	48.53	7/10/2023	Jul	2023	GRIN
Greens	Lettuce		34.07	181.71	7/10/2023	Jul	2023	GRIN
Vegetables	onions		1.82	5.49	7/10/2023	Jul	2023	GRIN
Vegetables	peppers		0.21	0.63	7/10/2023	Jul	2023	GRIN
Vegetables	Radishes		3.80	20.27	7/10/2023	Jul	2023	GRIN
Vegetables	Yellow squash		24.02	109.81	7/10/2023	Jul	2023	GRIN
Vegetables	Zucchini		1.31	5.99	7/10/2023	Jul	2023	GRIN
Vegetables	cucumbers		5.47	25.01	7/10/2023	Jul	2023	Other
Vegetables	Yellow squash		1.95	8.91	7/10/2023	Jul	2023	Other
Vegetables	Zucchini		6.77	30.95	7/10/2023	Jul	2023	Other
Vegetables	Beans		20.00	106.67	7/14/2023	Jul	2023	Motherful
Vegetables	Beets		9.25	30.83	7/14/2023	Jul	2023	Motherful
Greens	Collards		0.00	0.00	7/14/2023	Jul	2023	Motherful
Vegetables	cucumbers		12.73	58.20	7/14/2023	Jul	2023	Motherful
Greens	kale		12.76	68.07	7/14/2023	Jul	2023	Motherful
Greens	Lettuce		12.79	68.23	7/14/2023	Jul	2023	Motherful
Vegetables	Radishes		12.82	68.40	7/14/2023	Jul	2023	Motherful
Greens	Swiss Chard		12.86	68.56	7/14/2023	Jul	2023	Motherful
Vegetables	Yellow squash		12.89	58.91	7/14/2023	Jul	2023	Motherful
Flowers	flower bouquets	30	12.92	0.00	7/14/2023	Jul	2023	NAFP
Greens	Kale		12.95	69.05	7/14/2023	Jul	2023	NAFP
Greens	Lettuce		12.98	69.22	7/14/2023	Jul	2023	NAFP
Vegetables	Yellow squash		13.01	59.47	7/14/2023	Jul	2023	NAFP
Vegetables	Beans		5.63	30.03	7/17/2023	Jul	2023	Broad St
Vegetables	Beets		8.98	29.93	7/17/2023	Jul	2023	Broad St
Vegetables	cucumbers		9.4	42.97	7/17/2023	Jul	2023	Broad St
Greens	lettuce		64.54	344.21	7/17/2023	Jul	2023	Broad St
Vegetables	onions		0.83	2.51	7/17/2023	Jul	2023	Broad St
Vegetables	Radishes		4.3	22.93	7/17/2023	Jul	2023	Broad St
Vegetables	yellow squash		20.91	95.59	7/17/2023	Jul	2023	Broad St
Vegetables	Zucchini		7.35	33.60	7/17/2023	Jul	2023	Broad St
Vegetables	Beans		5.63	30.03	7/17/2023	Jul	2023	GRIN
Vegetables	Beets		8.98	29.93	7/17/2023	Jul	2023	GRIN
Vegetables	cucumbers		9.4	42.97	7/17/2023	Jul	2023	GRIN
Greens	lettuce		64.54	344.21	7/17/2023	Jul	2023	GRIN
Vegetables	onions		0.83	2.51	7/17/2023	Jul	2023	GRIN
Vegetables	Radishes		4.3	22.93	7/17/2023	Jul	2023	GRIN
Vegetables	yellow squash		20.91	95.59	7/17/2023	Jul	2023	GRIN
Vegetables	Zucchini		7.35	33.60	7/17/2023	Jul	2023	GRIN
Greens	lettuce		20	106.67	7/17/2023	Jul	2023	NNEMAP
Vegetables	Beans		14.76	78.72	7/19/2023	Jul	2023	GRIN
Vegetables	cucumbers		9	41.14	7/19/2023	Jul	2023	GRIN
Vegetables	Eggplant		8	36.57	7/19/2023	Jul	2023	GRIN
Greens	lettuce		46.79	249.55	7/19/2023	Jul	2023	GRIN
Vegetables	peppers		4.13	12.47	7/19/2023	Jul	2023	GRIN
Vegetables	yellow squash		20.41	93.30	7/19/2023	Jul	2023	GRIN
Flowers	Flower bouquets	40	0.00	0.00	7/20/2023	Jul	2023	Farmers' Market
Vegetables	Beans		8.36	44.59	7/21/2023	Jul	2023	Broad St
Vegetables	Cucumbers		15.89	72.64	7/21/2023	Jul	2023	Broad St
Vegetables	Eggplant		2.87	13.12	7/21/2023	Jul	2023	Broad St
Greens	Lettuce		95.22	507.84	7/21/2023	Jul	2023	Broad St
Vegetables	onions		0.95	2.87	7/21/2023	Jul	2023	Broad St
Vegetables	peppers		2.41	7.28	7/21/2023	Jul	2023	Broad St
Vegetables	Radishes		4.25	22.67	7/21/2023	Jul	2023	Broad St
Vegetables	Yellow Squash		10.00	45.71	7/21/2023	Jul	2023	Broad St
Vegetables	Zucchini		2.30	10.53	7/21/2023	Jul	2023	Broad St
Vegetables	Beans		7.00	37.33	7/21/2023	Jul	2023	GRIN
Vegetables	Cherry Tomatoes		0.42	1.28	7/21/2023	Jul	2023	GRIN
Vegetables	Cucumbers		15.89	72.64	7/21/2023	Jul	2023	GRIN
Vegetables	Eggplant		5.62	25.69	7/21/2023	Jul	2023	GRIN
Greens	Lettuce		35.38	188.69	7/21/2023	Jul	2023	GRIN
Vegetables	Yellow Squash		7.47	34.15	7/21/2023	Jul	2023	GRIN
Vegetables	Zucchini		2.82	12.89	7/21/2023	Jul	2023	GRIN
Vegetables	Beans		5.00	26.67	7/21/2023	Jul	2023	Motherful
Vegetables	Carrots		1.16	6.63	7/21/2023	Jul	2023	Motherful
Vegetables	Cucumbers		3.53	16.14	7/21/2023	Jul	2023	Motherful
Vegetables	Eggplant		4.00	18.29	7/21/2023	Jul	2023	Motherful
Greens	Lettuce		8.00	42.67	7/21/2023	Jul	2023	Motherful
Vegetables	Peppers		0.50	1.51	7/21/2023	Jul	2023	Motherful
Vegetables	peppers		0.50	1.51	7/21/2023	Jul	2023	Motherful
Vegetables	Radishes		2.00	10.67	7/21/2023	Jul	2023	Motherful
Vegetables	Yellow Squash		7.00	32.00	7/21/2023	Jul	2023	Motherful
Flowers	Flower bouquets	30	0.00	0.00	7/21/2023	Jul	2023	NAFP
Greens	Lettuce		73.00	389.33	7/21/2023	Jul	2023	NNEMAP
Vegetables	Beans		2.77	14.77	7/24/2023	Jul	2023	Broad St
Greens	Collards		4.68	24.96	7/24/2023	Jul	2023	Broad St
Vegetables	Cucumbers		3.71	16.95	7/24/2023	Jul	2023	Broad St
Vegetables	Eggplant		4.01	18.32	7/24/2023	Jul	2023	Broad St
Greens	Kale		11.02	58.77	7/24/2023	Jul	2023	Broad St
Greens	Lettuce		16.12	85.97	7/24/2023	Jul	2023	Broad St
Vegetables	Onions		3.80	11.46	7/24/2023	Jul	2023	Broad St
Vegetables	Peppers		5.38	16.24	7/24/2023	Jul	2023	Broad St
Greens	Swiss Chard		3.16	16.86	7/24/2023	Jul	2023	Broad St
Vegetables	Tomatoes		5.00	12.60	7/24/2023	Jul	2023	Broad St
Vegetables	Yellow Squash		16.80	76.80	7/24/2023	Jul	2023	Broad St
Vegetables	Cucumbers		1.79	8.18	7/24/2023	Jul	2023	GRIN
Vegetables	Eggplant		1.93	8.84	7/24/2023	Jul	2023	GRIN
Greens	Lettuce		10.68	56.93	7/24/2023	Jul	2023	GRIN
Vegetables	Onions		4.73	14.28	7/24/2023	Jul	2023	GRIN
Vegetables	Peppers		3.35	10.11	7/24/2023	Jul	2023	GRIN
Vegetables	Tomatoes		5.19	13.08	7/24/2023	Jul	2023	GRIN
Vegetables	Yellow Squash		7.65	34.97	7/24/2023	Jul	2023	GRIN
Vegetables	Zucchini		0.40	1.83	7/24/2023	Jul	2023	GRIN
Vegetables	Beans		1.42	7.60	7/24/2023	Jul	2023	NNEMAP
Greens	Collards		2.41	12.85	7/24/2023	Jul	2023	NNEMAP
Vegetables	Cucumbers		2.83	12.94	7/24/2023	Jul	2023	NNEMAP
Vegetables	Eggplant		3.06	13.98	7/24/2023	Jul	2023	NNEMAP
Greens	Kale		5.68	30.27	7/24/2023	Jul	2023	NNEMAP
Greens	Lettuce		22.89	122.08	7/24/2023	Jul	2023	NNEMAP
Greens	Swiss Chard		3.94	21.01	7/24/2023	Jul	2023	NNEMAP
Vegetables	Yellow Squash		16.88	77.17	7/24/2023	Jul	2023	NNEMAP
Vegetables	Beans		4.91	26.19	7/26/2023	Jul	2023	NAFP
Vegetables	Beets		7.20	24.00	7/26/2023	Jul	2023	NAFP
Vegetables	Cherry Tomatoes		1.13	3.44	7/26/2023	Jul	2023	NAFP
Vegetables	Cucumbers		23.68	108.25	7/26/2023	Jul	2023	NAFP
Vegetables	Daikon Radish		2.77	14.77	7/26/2023	Jul	2023	NAFP
Vegetables	Eggplant		6.70	30.63	7/26/2023	Jul	2023	NAFP
Vegetables	Onions		1.39	4.20	7/26/2023	Jul	2023	NAFP
Vegetables	Peppers		3.05	9.21	7/26/2023	Jul	2023	NAFP
Vegetables	Yellow Squash		22.78	104.14	7/26/2023	Jul	2023	NAFP
Vegetables	Zucchini		0.37	1.69	7/26/2023	Jul	2023	NAFP
Greens	Lettuce		70.23	374.56	7/28/2023	Jul	2023	GRIN
Vegetables	Cucumbers		5.00	22.86	7/28/2023	Jul	2023	Motherful
Vegetables	Eggplant		7.23	33.05	7/28/2023	Jul	2023	Motherful
Greens	Lettuce		10.01	53.39	7/28/2023	Jul	2023	Motherful
Vegetables	Onions		1.60	4.83	7/28/2023	Jul	2023	Motherful
Vegetables	Peppers		2.22	6.70	7/28/2023	Jul	2023	Motherful
Greens	Swiss Chard		3.80	20.27	7/28/2023	Jul	2023	Motherful
Vegetables	Yellow Squash		10.46	47.82	7/28/2023	Jul	2023	Motherful
Vegetables	Beans		3.36	17.92	7/28/2023	Jul	2023	NAFP
Vegetables	Cherry Tomatoes		2.00	6.10	7/28/2023	Jul	2023	NAFP
Vegetables	Cucumbers		6.05	27.66	7/28/2023	Jul	2023	NAFP
Vegetables	Eggplant		7.23	33.05	7/28/2023	Jul	2023	NAFP
Vegetables	Onions		1.60	4.83	7/28/2023	Jul	2023	NAFP
Vegetables	Peppers		4.00	12.08	7/28/2023	Jul	2023	NAFP
Greens	Swiss Chard		5.10	27.20	7/28/2023	Jul	2023	NAFP
Vegetables	Yellow Squash		10.46	47.82	7/28/2023	Jul	2023	NAFP
Vegetables	Beans		0.56	2.99	7/31/2023	Jul	2023	GRIN
Vegetables	Cucumbers		51.07	233.46	7/31/2023	Jul	2023	GRIN
Vegetables	Eggplant		17.11	78.22	7/31/2023	Jul	2023	GRIN
Vegetables	Peppers		7.80	23.55	7/31/2023	Jul	2023	GRIN
Vegetables	Radishes		4.38	23.36	7/31/2023	Jul	2023	GRIN
Vegetables	Tomatoes		5.23	13.18	7/31/2023	Jul	2023	GRIN
Vegetables	Yellow Squash		25.89	118.35	7/31/2023	Jul	2023	GRIN
Greens	Collards		9.50	50.67	8/2/2023	Aug	2023	Broad St
Vegetables	Cucumbers		10.05	45.94	8/2/2023	Aug	2023	Broad St
Vegetables	Eggplant		2.62	11.98	8/2/2023	Aug	2023	Broad St
Greens	Lettuce		47.91	255.52	8/2/2023	Aug	2023	Broad St
Vegetables	Peppers		3.23	9.75	8/2/2023	Aug	2023	Broad St
Greens	Swiss Chard		17.50	93.33	8/2/2023	Aug	2023	Broad St
Vegetables	Cucumbers		18.05	82.51	8/2/2023	Aug	2023	GRIN
Vegetables	Daikon Radish		8.60	45.87	8/2/2023	Aug	2023	GRIN
Vegetables	Eggplant		5.11	23.36	8/2/2023	Aug	2023	GRIN
Vegetables	Onions		4.46	13.46	8/2/2023	Aug	2023	GRIN
Vegetables	Peppers		6.67	20.14	8/2/2023	Aug	2023	GRIN
Vegetables	Tomatoes		0.80	2.02	8/2/2023	Aug	2023	GRIN
Vegetables	Yellow Squash		7.20	32.91	8/2/2023	Aug	2023	GRIN
Vegetables	Yellow Squash		3.49	15.95	8/2/2023	Aug	2023	GRIN
Flowers	Flower bouquets	25	0.00	0.00	8/2/2023	Aug	2023	Stygler 
Vegetables	Cherry Tomatoes		16.06	48.94	8/7/2023	Aug	2023	GRIN
Vegetables	Cucumbers		26.50	121.14	8/7/2023	Aug	2023	GRIN
Vegetables	Eggplant		23.44	107.15	8/7/2023	Aug	2023	GRIN
Greens	Lettuce		88.59	472.48	8/7/2023	Aug	2023	GRIN
Vegetables	Peppers		16.60	50.11	8/7/2023	Aug	2023	GRIN
Greens	Swiss Chard		11.00	58.67	8/7/2023	Aug	2023	GRIN
Vegetables	Tomatoes		11.14	28.07	8/7/2023	Aug	2023	GRIN
Vegetables	Yellow Squash		50.66	231.59	8/7/2023	Aug	2023	GRIN
Vegetables	Zucchini		12.03	54.99	8/7/2023	Aug	2023	GRIN
Vegetables	Beans		1.31	6.99	8/9/2023	Aug	2023	NAFP
Vegetables	Cherry Tomatoes		22.28	67.90	8/9/2023	Aug	2023	NAFP
Greens	Collards		1.30	6.93	8/9/2023	Aug	2023	NAFP
Vegetables	Eggplant		18.06	82.56	8/9/2023	Aug	2023	NAFP
Greens	Lettuce		39.19	209.01	8/9/2023	Aug	2023	NAFP
Vegetables	Onions		4.80	14.49	8/9/2023	Aug	2023	NAFP
Herbs	Parsley		0.97	31.04	8/9/2023	Aug	2023	NAFP
Vegetables	Peppers		14.59	44.05	8/9/2023	Aug	2023	NAFP
Vegetables	Yellow Squash		2.54	11.61	8/9/2023	Aug	2023	NAFP
Vegetables	Zucchini		1.93	8.82	8/9/2023	Aug	2023	NAFP
Flowers	Flower bouquets	45	0.00	0.00	8/10/2023	Aug	2023	Farmers' Market
Fruit	Apples		2.04	9.27	8/11/2023	Aug	2023	GRIN
Vegetables	Butternut Squash		3.90	8.61	8/11/2023	Aug	2023	GRIN
Vegetables	Cantaloupe		5.22	14.91	8/11/2023	Aug	2023	GRIN
Vegetables	Cherry Tomatoes		23.42	71.38	8/11/2023	Aug	2023	GRIN
Vegetables	Cucumbers		28.67	131.06	8/11/2023	Aug	2023	GRIN
Vegetables	Eggplant		9.31	42.56	8/11/2023	Aug	2023	GRIN
Greens	Lettuce		33.42	178.24	8/11/2023	Aug	2023	GRIN
Fruit	Peaches		0.83	2.15	8/11/2023	Aug	2023	GRIN
Vegetables	Peppers		17.00	51.32	8/11/2023	Aug	2023	GRIN
Vegetables	Potatoes		4.77	12.51	8/11/2023	Aug	2023	GRIN
Vegetables	Yellow Squash		21.78	99.57	8/11/2023	Aug	2023	GRIN
Vegetables	Beans		3.54	18.88	8/11/2023	Aug	2023	NAFP
Vegetables	Cherry Tomatoes		18.65	56.84	8/11/2023	Aug	2023	NAFP
Vegetables	Corn		15.76	49.35	8/11/2023	Aug	2023	NAFP
Vegetables	Cucumbers		8.23	37.62	8/11/2023	Aug	2023	NAFP
Vegetables	Eggplant		9.00	41.14	8/11/2023	Aug	2023	NAFP
Greens	Lettuce		27.49	146.61	8/11/2023	Aug	2023	NAFP
Vegetables	Peppers		16.62	50.17	8/11/2023	Aug	2023	NAFP
Vegetables	Tomatoes		14.19	35.75	8/11/2023	Aug	2023	NAFP
Vegetables	Yellow Squash		15.10	69.03	8/11/2023	Aug	2023	NAFP
Greens	Cabbage		3.64	18.55	8/14/2023	Aug	2023	GRIN
Vegetables	Cherry Tomatoes		21.15	64.46	8/14/2023	Aug	2023	GRIN
Greens	Collards		4.50	24.00	8/14/2023	Aug	2023	GRIN
Vegetables	Cucumbers		2.16	9.87	8/14/2023	Aug	2023	GRIN
Vegetables	Eggplant		31.21	142.67	8/14/2023	Aug	2023	GRIN
Greens	Lettuce		15.23	81.23	8/14/2023	Aug	2023	GRIN
Vegetables	Onions		6.01	18.14	8/14/2023	Aug	2023	GRIN
Vegetables	Peppers		24.11	72.78	8/14/2023	Aug	2023	GRIN
Vegetables	Radishes		3.79	20.21	8/14/2023	Aug	2023	GRIN
Greens	Swiss Chard		1.90	10.13	8/14/2023	Aug	2023	GRIN
Vegetables	Tomatoes		17.03	42.91	8/14/2023	Aug	2023	GRIN
Vegetables	Yellow Squash		16.77	76.66	8/14/2023	Aug	2023	GRIN
Vegetables	Zucchini		7.51	34.33	8/14/2023	Aug	2023	GRIN
Vegetables	Cherry Tomatoes		3.85	11.73	8/16/2023	Aug	2023	Broad St
Greens	Lettuce		7.12	37.97	8/16/2023	Aug	2023	Broad St
Vegetables	Peppers		1.76	5.31	8/16/2023	Aug	2023	Broad St
Vegetables	Tomatoes		11.44	28.83	8/16/2023	Aug	2023	Broad St
Greens	Lettuce		11.51	61.39	8/16/2023	Aug	2023	GRIN
Vegetables	Onions		1.10	3.32	8/16/2023	Aug	2023	GRIN
Vegetables	Peppers		3.40	10.26	8/16/2023	Aug	2023	GRIN
Vegetables	Yellow Squash		2.40	10.97	8/16/2023	Aug	2023	GRIN
Vegetables	Beans		16.41	87.52	8/19/2023	Aug	2023	GRIN
Greens	Bok Choy		1.81	11.58	8/19/2023	Aug	2023	GRIN
Vegetables	Cherry Tomatoes		5.16	15.73	8/19/2023	Aug	2023	GRIN
Vegetables	Eggplant		11.71	53.53	8/19/2023	Aug	2023	GRIN
Greens	Swiss Chard		7.96	42.45	8/19/2023	Aug	2023	GRIN
Vegetables	Tomatoes		25.41	64.03	8/19/2023	Aug	2023	GRIN
Vegetables	Yellow Squash		2.31	10.56	8/19/2023	Aug	2023	GRIN
Greens	Collards		6.49	34.61	8/19/2023	Aug	2023	motherful
Vegetables	Beans		1.72	9.17	8/21/2023	Aug	2023	GRIN
Vegetables	Beets		12.75	42.50	8/21/2023	Aug	2023	GRIN
Greens	Bok Choy		21.56	137.98	8/21/2023	Aug	2023	GRIN
Vegetables	Carrots		37.73	215.60	8/21/2023	Aug	2023	GRIN
Vegetables	Cherry Tomatoes		8.35	25.45	8/21/2023	Aug	2023	GRIN
Vegetables	Daikon Radish		0.39	2.08	8/21/2023	Aug	2023	GRIN
Flowers	Flower bouquets	29	0.00	0.00	8/21/2023	Aug	2023	GRIN
Vegetables	Peppers		3.76	11.35	8/21/2023	Aug	2023	GRIN
Greens	Swiss Chard		27.51	146.72	8/21/2023	Aug	2023	GRIN
Vegetables	Tomatoes		38.32	96.55	8/21/2023	Aug	2023	GRIN
Vegetables	Zucchini		8.16	37.30	8/21/2023	Aug	2023	GRIN
Vegetables	Eggplant		4.20	19.20	8/21/2023	Aug	2023	NAFP
Greens	Bok Choy		56.58	362.11	8/23/2023	Aug	2023	Broad St
Vegetables	Beans		2.49	13.28	8/23/2023	Aug	2023	NAFP
Greens	Bok Choy		14.14	90.50	8/23/2023	Aug	2023	NAFP
Vegetables	Carrots		34.47	196.97	8/23/2023	Aug	2023	NAFP
Vegetables	Cherry Tomatoes		5.03	15.33	8/23/2023	Aug	2023	NAFP
Vegetables	Eggplant		32.85	150.17	8/23/2023	Aug	2023	NAFP
Vegetables	Peppers		11.02	33.27	8/23/2023	Aug	2023	NAFP
Vegetables	Tomatoes		31.42	79.17	8/23/2023	Aug	2023	NAFP
Greens	Bok Choy		15.11	96.70	8/25/2023	Aug	2023	GRIN
Greens	Bok Choy		68.97	441.41	8/25/2023	Aug	2023	GRIN
Greens	Bok Choy		6.10	39.04	8/25/2023	Aug	2023	Motherful
Vegetables	Cherry Tomatoes		1.70	5.18	8/25/2023	Aug	2023	Motherful
Greens	Collards		5.46	29.12	8/25/2023	Aug	2023	Motherful
Vegetables	Tomatoes		3.72	9.37	8/25/2023	Aug	2023	Motherful
Vegetables	Beans		2.75	14.67	8/25/2023	Aug	2023	NAFP
Vegetables	Beets		12.00	40.00	8/25/2023	Aug	2023	NAFP
Vegetables	Carrots		37.11	212.06	8/25/2023	Aug	2023	NAFP
Vegetables	Cherry Tomatoes		2.79	8.50	8/25/2023	Aug	2023	NAFP
Greens	Collards		8.48	45.23	8/25/2023	Aug	2023	NAFP
Vegetables	Eggplant		18.63	85.17	8/25/2023	Aug	2023	NAFP
Flowers	Flower bouquets	30	0.00	0.00	8/25/2023	Aug	2023	NAFP
Vegetables	Peppers		3.54	10.69	8/25/2023	Aug	2023	NAFP
Vegetables	Tomatoes		24.10	60.72	8/25/2023	Aug	2023	NAFP
Vegetables	Zucchini		2.82	12.89	8/25/2023	Aug	2023	NAFP
Vegetables	Cherry Tomatoes		5.88	17.92	8/28/2023	Aug	2023	GRIN
Vegetables	Cucumbers		3.27	14.95	8/28/2023	Aug	2023	GRIN
Vegetables	Eggplant		17.22	78.72	8/28/2023	Aug	2023	GRIN
Vegetables	Peppers		13.19	39.82	8/28/2023	Aug	2023	GRIN
Vegetables	Tomatoes		27.08	68.23	8/28/2023	Aug	2023	GRIN
Vegetables	Yellow Squash		3.95	18.06	8/28/2023	Aug	2023	GRIN
Vegetables	Zucchini		3.00	13.71	8/28/2023	Aug	2023	GRIN
Vegetables	Eggplant		15.72	71.86	8/30/2023	Aug	2023	Broad St
Vegetables	Peppers		4.21	12.71	8/30/2023	Aug	2023	Broad St
Vegetables	tomatoes		22.75	57.32	8/30/2023	Aug	2023	Broad St
Flowers	Flower bouquets	30	0.00	0.00	8/31/2023	Aug	2023	Farmers' Market
Vegetables	acorn squash		8.65	19.08	9/1/2023	Sep	2023	Broad St
Vegetables	Beets		2.70	9.00	9/1/2023	Sep	2023	Broad St
Vegetables	Butternut Squash		14.82	32.71	9/1/2023	Sep	2023	Broad St
Vegetables	cucumbers		10.48	47.90	9/1/2023	Sep	2023	Broad St
Vegetables	Eggplant		10.67	48.75	9/1/2023	Sep	2023	Broad St
Vegetables	Onions		0.93	2.81	9/1/2023	Sep	2023	Broad St
Vegetables	Peppers		10.27	31.00	9/1/2023	Sep	2023	Broad St
Vegetables	Potatoes		4.82	12.64	9/1/2023	Sep	2023	Broad St
Vegetables	Spaghetti Squash		21.00	61.54	9/1/2023	Sep	2023	Broad St
Vegetables	tomatoes		7.66	19.31	9/1/2023	Sep	2023	Broad St
Vegetables	Yellow Squash		5.19	23.73	9/1/2023	Sep	2023	Broad St
Vegetables	zucchini		12.73	58.19	9/1/2023	Sep	2023	Broad St
Vegetables	acorn squash		2.88	6.36	9/1/2023	Sep	2023	Motherful
Vegetables	Butternut Squash		4.94	10.90	9/1/2023	Sep	2023	Motherful
Vegetables	Carrots		4.64	26.51	9/1/2023	Sep	2023	Motherful
Greens	Collards		2.03	10.83	9/1/2023	Sep	2023	Motherful
Vegetables	Corn		26.77	83.82	9/1/2023	Sep	2023	Motherful
Vegetables	cucumbers		3.49	15.97	9/1/2023	Sep	2023	Motherful
Vegetables	Eggplant		3.56	16.25	9/1/2023	Sep	2023	Motherful
Vegetables	Okra		0.78	3.57	9/1/2023	Sep	2023	Motherful
Vegetables	Onions		0.31	0.94	9/1/2023	Sep	2023	Motherful
Vegetables	Peppers		3.42	10.33	9/1/2023	Sep	2023	Motherful
Vegetables	tomatoes		6.89	17.35	9/1/2023	Sep	2023	Motherful
Fruit	Watermelon		2.61	4.14	9/1/2023	Sep	2023	Motherful
Vegetables	zucchini		5.50	25.14	9/1/2023	Sep	2023	Motherful
Vegetables	tomatoes		13.00	32.76	9/1/2023	Sep	2023	NNEMAP
Fruit	Apples		6.87	31.23	9/4/2023	Sep	2023	GRIN
Vegetables	Beans		17.69	94.35	9/4/2023	Sep	2023	GRIN
Vegetables	cucumbers		5.6	25.60	9/4/2023	Sep	2023	GRIN
Vegetables	Eggplant		7.25	33.14	9/4/2023	Sep	2023	GRIN
Vegetables	onions		2.57	7.76	9/4/2023	Sep	2023	GRIN
Vegetables	Peppers		27.15	81.96	9/4/2023	Sep	2023	GRIN
Vegetables	Sweet Potatoes		2.74	9.53	9/4/2023	Sep	2023	GRIN
Vegetables	tomatoes		35.44	89.30	9/4/2023	Sep	2023	GRIN
Vegetables	Yellow Squash		5.6	25.60	9/4/2023	Sep	2023	GRIN
Flowers	Flower bouquets	25	0.00	0.00	9/6/2023	Sep	2023	Church
Vegetables	Beans		1.00	5.33	9/6/2023	Sep	2023	NAFP
Greens	Cabbage		21.28	108.43	9/6/2023	Sep	2023	NAFP
Vegetables	Cherry Tomatoes		2.18	6.64	9/6/2023	Sep	2023	NAFP
Vegetables	Eggplant		6.29	28.75	9/6/2023	Sep	2023	NAFP
Greens	Lettuce		25.73	137.23	9/6/2023	Sep	2023	NAFP
Vegetables	Onions		3.00	9.06	9/6/2023	Sep	2023	NAFP
Vegetables	Peppers		7.67	23.15	9/6/2023	Sep	2023	NAFP
Greens	Swiss Chard		9.02	48.11	9/6/2023	Sep	2023	NAFP
Vegetables	Tomatoes		1.21	3.05	9/6/2023	Sep	2023	NAFP
Vegetables	acorn squash		34.40	75.92	9/11/2023	Sep	2023	GRIN
Vegetables	Beans		6.43	34.29	9/11/2023	Sep	2023	GRIN
Vegetables	Carrots		26.01	148.63	9/11/2023	Sep	2023	GRIN
Greens	Collards		10.45	55.73	9/11/2023	Sep	2023	GRIN
Vegetables	Daikon Radish		15.63	83.36	9/11/2023	Sep	2023	GRIN
Vegetables	Eggplant		4.56	20.85	9/11/2023	Sep	2023	GRIN
Greens	Lettuce		48.78	260.16	9/11/2023	Sep	2023	GRIN
Vegetables	Okra		0.71	3.25	9/11/2023	Sep	2023	GRIN
Vegetables	Peppers		10.24	30.91	9/11/2023	Sep	2023	GRIN
Vegetables	Radishes		6.13	32.69	9/11/2023	Sep	2023	GRIN
Vegetables	Tomatoes		41.26	103.96	9/11/2023	Sep	2023	GRIN
Vegetables	Zucchini		12.92	59.06	9/11/2023	Sep	2023	GRIN
Vegetables	acorn squash		29.23	64.51	9/13/2023	Sep	2023	GRIN
Vegetables	Beets		16.57	55.23	9/13/2023	Sep	2023	GRIN
Vegetables	Carrots		7.90	45.14	9/13/2023	Sep	2023	GRIN
Vegetables	Cherry Tomatoes		2.68	8.17	9/13/2023	Sep	2023	GRIN
Vegetables	Eggplant		17.82	81.46	9/13/2023	Sep	2023	GRIN
Greens	Lettuce		6.16	32.85	9/13/2023	Sep	2023	GRIN
Vegetables	Tomatoes		10.74	27.06	9/13/2023	Sep	2023	GRIN
Vegetables	Yellow Squash		2.73	12.48	9/13/2023	Sep	2023	GRIN
Vegetables	Beans		6.25	33.33	9/15/2023	Sep	2023	Broad St
Vegetables	Carrots		10.15	58.00	9/15/2023	Sep	2023	Broad St
Vegetables	Eggplant		8.00	36.57	9/15/2023	Sep	2023	Broad St
Greens	Lettuce		14.16	75.52	9/15/2023	Sep	2023	Broad St
Greens	Lettuce		12.83	68.43	9/15/2023	Sep	2023	Broad St
Vegetables	Peppers		2.50	7.55	9/15/2023	Sep	2023	Broad St
Vegetables	Radishes		11.87	63.31	9/15/2023	Sep	2023	Broad St
Greens	Swiss Chard		9.01	48.05	9/15/2023	Sep	2023	Broad St
Vegetables	Turnips		16.70	59.38	9/15/2023	Sep	2023	Broad St
Vegetables	Carrots		4.71	26.91	9/15/2023	Sep	2023	GRIN
Vegetables	Eggplant		4.50	20.57	9/15/2023	Sep	2023	GRIN
Flowers	Flower bouquets	20			9/15/2023	Sep	2023	GRIN
Greens	Lettuce		14.91	79.52	9/15/2023	Sep	2023	GRIN
Vegetables	Radishes		12.94	69.01	9/15/2023	Sep	2023	GRIN
Greens	Swiss Chard		7.00	37.33	9/15/2023	Sep	2023	GRIN
Vegetables	Carrots		4.41	25.20	9/15/2023	Sep	2023	Motherful
Greens	Collards		14.53	77.49	9/15/2023	Sep	2023	Motherful
Vegetables	Eggplant		4.50	20.57	9/15/2023	Sep	2023	Motherful
Greens	Lettuce		4.74	25.28	9/15/2023	Sep	2023	Motherful
Vegetables	Peppers		2.50	7.55	9/15/2023	Sep	2023	Motherful
Greens	Swiss Chard		6.25	33.33	9/15/2023	Sep	2023	Motherful
Vegetables	Beans		13.29	70.88	9/18/2023	Sep	2023	GRIN
Greens	Cabbage		23.99	122.24	9/18/2023	Sep	2023	GRIN
Vegetables	Carrots		36.76	210.06	9/18/2023	Sep	2023	GRIN
Greens	Collards		6.86	36.59	9/18/2023	Sep	2023	GRIN
Greens	Kale		11.87	63.31	9/18/2023	Sep	2023	GRIN
Vegetables	Okra		3.36	15.36	9/18/2023	Sep	2023	GRIN
Vegetables	Onions		6.05	18.26	9/18/2023	Sep	2023	GRIN
Vegetables	Peppers		5.68	17.15	9/18/2023	Sep	2023	GRIN
Vegetables	Radishes		13.55	72.27	9/18/2023	Sep	2023	GRIN
Greens	Swiss Chard		5.37	28.64	9/18/2023	Sep	2023	GRIN
Vegetables	tomatoes		15.32	38.60	9/18/2023	Sep	2023	GRIN
Vegetables	Beets		11.20	37.33	9/20/2023	Sep	2023	NAFP
Greens	Cabbage		10.02	51.06	9/20/2023	Sep	2023	NAFP
Vegetables	Carrots		14.48	82.74	9/20/2023	Sep	2023	NAFP
Vegetables	Cherry Tomatoes		5.16	15.73	9/20/2023	Sep	2023	NAFP
Greens	Collards		10.47	55.84	9/20/2023	Sep	2023	NAFP
Vegetables	Eggplant		1.70	7.77	9/20/2023	Sep	2023	NAFP
Greens	Kale		3.50	18.67	9/20/2023	Sep	2023	NAFP
Greens	Lettuce		29.96	159.79	9/20/2023	Sep	2023	NAFP
Vegetables	Peppers		3.30	9.96	9/20/2023	Sep	2023	NAFP
Vegetables	Radishes		20.93	111.63	9/20/2023	Sep	2023	NAFP
Vegetables	Radishes		8.36	44.59	9/20/2023	Sep	2023	NAFP
Greens	Swiss Chard		14.53	77.49	9/20/2023	Sep	2023	NAFP
Vegetables	Tomatoes		31.04	78.21	9/20/2023	Sep	2023	NAFP
Greens	Collards		5.19	27.68	9/22/2023	Sep	2023	Motherful
Vegetables	Daikon Radish		6.42	34.24	9/22/2023	Sep	2023	Motherful
Vegetables	Okra		1.64	7.50	9/22/2023	Sep	2023	Motherful
Vegetables	Radishes		2.86	15.25	9/22/2023	Sep	2023	Motherful
Vegetables	Beets		7.33	24.43	9/22/2023	Sep	2023	NAFP
Greens	Cabbage		15.15	77.20	9/22/2023	Sep	2023	NAFP
Vegetables	Carrots		7.77	44.40	9/22/2023	Sep	2023	NAFP
Vegetables	Daikon Radish		12.92	68.91	9/22/2023	Sep	2023	NAFP
Greens	Lettuce		19.73	105.23	9/22/2023	Sep	2023	NAFP
Vegetables	Onions		4.88	14.73	9/22/2023	Sep	2023	NAFP
Vegetables	Radishes		8.85	47.20	9/22/2023	Sep	2023	NAFP
Greens	Swiss Chard		2.77	14.77	9/22/2023	Sep	2023	NAFP
Vegetables	Tomatoes		5.52	13.91	9/22/2023	Sep	2023	NAFP
Greens	Cabbage		15.38	78.37	9/25/2023	Sep	2023	GRIN
Greens	Collards		6.31	33.65	9/25/2023	Sep	2023	GRIN
Vegetables	Eggplant		8.08	36.94	9/25/2023	Sep	2023	GRIN
Greens	kale		10.33	55.09	9/25/2023	Sep	2023	GRIN
Vegetables	Okra		0.81	3.70	9/25/2023	Sep	2023	GRIN
Vegetables	Peppers		14.54	43.89	9/25/2023	Sep	2023	GRIN
Vegetables	Radishes		18.47	98.51	9/25/2023	Sep	2023	GRIN
Greens	spinach		4.30	22.93	9/25/2023	Sep	2023	GRIN
Greens	Swiss Chard		7.45	39.73	9/25/2023	Sep	2023	GRIN
Vegetables	tomatoes		16.79	42.31	9/25/2023	Sep	2023	GRIN
Vegetables	Beans		4.99	26.61	9/27/2023	Sep	2023	Broad St
Vegetables	Beets		4.11	13.70	9/27/2023	Sep	2023	Broad St
Greens	Collards		5.00	26.67	9/27/2023	Sep	2023	Broad St
Greens	Collards		13.28	70.83	9/27/2023	Sep	2023	Broad St
Vegetables	Daikon Radish		36.00	192.00	9/27/2023	Sep	2023	Broad St
Greens	kale		3.25	17.33	9/27/2023	Sep	2023	Broad St
Greens	Lettuce		10.39	55.41	9/27/2023	Sep	2023	Broad St
Greens	Lettuce		8.03	42.83	9/27/2023	Sep	2023	Broad St
Greens	lettuce		9.74	51.95	9/27/2023	Sep	2023	Broad St
Greens	Swiss Chard		2.54	13.55	9/27/2023	Sep	2023	Broad St
Vegetables	Carrots		12.83	73.31	9/27/2023	Sep	2023	GRIN
Greens	lettuce		9.04	48.21	9/27/2023	Sep	2023	GRIN
Vegetables	Radishes		13.91	74.19	9/27/2023	Sep	2023	GRIN
Greens	swiss Chard		2.68	14.29	9/27/2023	Sep	2023	GRIN
Greens	Cabbage		32.80	167.13	9/29/2023	Sep	2023	GRIN
Flowers	Flower bouquets	24	0.00	0.00	9/29/2023	Sep	2023	GRIN
Greens	Kale		3.99	21.28	9/29/2023	Sep	2023	GRIN
Greens	Mustard Greens		6.65	19.95	9/29/2023	Sep	2023	GRIN
Vegetables	Okra		0.55	2.51	9/29/2023	Sep	2023	GRIN
Herbs	Parsley		0.37	11.84	9/29/2023	Sep	2023	GRIN
Vegetables	Peppers		8.25	24.91	9/29/2023	Sep	2023	GRIN
Vegetables	Radishes		15.00	80.00	9/29/2023	Sep	2023	GRIN
Greens	Swiss Chard		7.21	38.45	9/29/2023	Sep	2023	GRIN
Greens	Cabbage		25.56	130.24	9/29/2023	Sep	2023	NNEMAP
Vegetables	Daikon Radish		26.00	138.67	9/29/2023	Sep	2023	NNEMAP
Greens	Kale		4.51	24.05	9/29/2023	Sep	2023	NNEMAP
Greens	Swiss Chard		8.77	46.77	9/29/2023	Sep	2023	NNEMAP
Vegetables	Zucchini		0.80	3.66	9/29/2023	Sep	2023	NNEMAP
Vegetables	Beans		3.3	17.60	10/2/2023	Oct	2023	Broad St
Greens	bok Choy		13.75	88.00	10/2/2023	Oct	2023	Broad St
Greens	Cabbage		13.4	68.28	10/2/2023	Oct	2023	Broad St
Greens	Collards		4	21.33	10/2/2023	Oct	2023	Broad St
Vegetables	Eggplant		14.49	66.24	10/2/2023	Oct	2023	Broad St
Vegetables	Radishes		24	128.00	10/2/2023	Oct	2023	Broad St
Greens	Swiss Chard		9.65	51.47	10/2/2023	Oct	2023	Broad St
Vegetables	Beans		6.4	34.13	10/2/2023	Oct	2023	GRIN
Vegetables	Beets		8.87	29.57	10/2/2023	Oct	2023	GRIN
Greens	bok Choy		19.43	124.35	10/2/2023	Oct	2023	GRIN
Greens	Cabbage		18.93	96.46	10/2/2023	Oct	2023	GRIN
Greens	Collards		6.21	33.12	10/2/2023	Oct	2023	GRIN
Vegetables	Eggplant		13.69	62.58	10/2/2023	Oct	2023	GRIN
Greens	Kale		6.09	32.48	10/2/2023	Oct	2023	GRIN
Greens	Mustard Greens		2.06	6.18	10/2/2023	Oct	2023	GRIN
Vegetables	peppers		7.50	22.64	10/2/2023	Oct	2023	GRIN
Vegetables	Radishes		34.05	181.60	10/2/2023	Oct	2023	GRIN
Greens	Swiss Chard		13.7	73.07	10/2/2023	Oct	2023	GRIN
Vegetables	Beans		1.7	9.07	10/2/2023	Oct	2023	NNEMAP
Greens	bok Choy		4.6	29.44	10/2/2023	Oct	2023	NNEMAP
Greens	Cabbage		4.5	22.93	10/2/2023	Oct	2023	NNEMAP
Greens	Collards		2	10.67	10/2/2023	Oct	2023	NNEMAP
Greens	Mustard Greens		3	9.00	10/2/2023	Oct	2023	NNEMAP
Vegetables	Radishes		8	42.67	10/2/2023	Oct	2023	NNEMAP
Greens	Swiss Chard		3.2	17.07	10/2/2023	Oct	2023	NNEMAP
Vegetables	zucchini		1.51	6.90	10/2/2023	Oct	2023	NNEMAP
Greens	bok Choy		43.67	279.49	10/4/2023	Oct	2023	GRIN
Greens	Cabbage		27.42	139.72	10/4/2023	Oct	2023	GRIN
Greens	Kale		5.83	31.09	10/4/2023	Oct	2023	GRIN
Greens	Lettuce		46.09	245.81	10/4/2023	Oct	2023	GRIN
Vegetables	Onions		6.15	18.57	10/4/2023	Oct	2023	GRIN
Vegetables	Peppers		3.97	11.98	10/4/2023	Oct	2023	GRIN
Vegetables	Radishes		21.71	115.79	10/4/2023	Oct	2023	GRIN
Vegetables	Turnips		1	3.56	10/4/2023	Oct	2023	GRIN
Vegetables	Beans		7.47	39.84	10/6/2023	Oct	2023	GRIN
Greens	collards		2.4605	13.12	10/6/2023	Oct	2023	GRIN
Vegetables	Okra		1.5	6.86	10/6/2023	Oct	2023	GRIN
Vegetables	Peppers		15	45.28	10/6/2023	Oct	2023	GRIN
Greens	spinach		1.1165	5.95	10/6/2023	Oct	2023	GRIN
Greens	Swiss Chard		17.79	94.88	10/6/2023	Oct	2023	GRIN
Vegetables	tomatoes		0.7	1.76	10/6/2023	Oct	2023	GRIN
Greens	collards		4.5695	24.37	10/6/2023	Oct	2023	NNEMAP
Vegetables	Peppers		15.9	48.00	10/6/2023	Oct	2023	NNEMAP
Vegetables	radishes		69.67	371.57	10/6/2023	Oct	2023	NNEMAP
Vegetables	radishes		4	21.33	10/6/2023	Oct	2023	NNEMAP
Greens	spinach		2.0735	11.06	10/6/2023	Oct	2023	NNEMAP
Vegetables	tomatoes		1.3	3.28	10/6/2023	Oct	2023	NNEMAP
Greens	bok Choy		25.58	163.71	10/11/2023	Oct	2023	Broad St
Greens	collards		3.3	17.60	10/11/2023	Oct	2023	Broad St
Vegetables	Daikon Radish		18.88	100.69	10/11/2023	Oct	2023	Broad St
Greens	lettuce		36.95	197.07	10/11/2023	Oct	2023	Broad St
Vegetables	Pumpkin		14.8	30.40	10/11/2023	Oct	2023	Broad St
Vegetables	radishes		17.25	92.00	10/11/2023	Oct	2023	Broad St
Greens	Swiss Chard		15	80.00	10/11/2023	Oct	2023	Broad St
Vegetables	Turnips		3.22	11.45	10/11/2023	Oct	2023	Broad St
Greens	bok Choy		25.58	163.71	10/11/2023	Oct	2023	GRIN
Greens	collards		3.3	17.60	10/11/2023	Oct	2023	GRIN
Vegetables	Daikon Radish		18.88	100.69	10/11/2023	Oct	2023	GRIN
Greens	lettuce		36.95	197.07	10/11/2023	Oct	2023	GRIN
Herbs	Parsley		0.72	23.04	10/11/2023	Oct	2023	GRIN
Vegetables	Pumpkin		14.7	30.19	10/11/2023	Oct	2023	GRIN
Vegetables	radishes		17.2	91.73	10/11/2023	Oct	2023	GRIN
Herbs	Sage		0.5	16.00	10/11/2023	Oct	2023	GRIN
Greens	Swiss Chard		15	80.00	10/11/2023	Oct	2023	GRIN
Greens	bok Choy		25.58	163.71	10/11/2023	Oct	2023	NAFP
Greens	collards		3.3	17.60	10/11/2023	Oct	2023	NAFP
Vegetables	Daikon Radish		18.88	100.69	10/11/2023	Oct	2023	NAFP
Greens	kale		5.21	27.79	10/11/2023	Oct	2023	NAFP
Greens	lettuce		36.95	197.07	10/11/2023	Oct	2023	NAFP
Vegetables	Pumpkin		14.8	30.40	10/11/2023	Oct	2023	NAFP
Vegetables	radishes		17.4	92.80	10/11/2023	Oct	2023	NAFP
Greens	Swiss Chard		15	80.00	10/11/2023	Oct	2023	NAFP
Greens	lettuce		5.33	28.43	10/13/2023	Oct	2023	Motherful
Greens	lettuce		10	53.33	10/13/2023	Oct	2023	NAFP
Greens	lettuce		11	58.67	10/13/2023	Oct	2023	NAFP
Vegetables	peppers		8.3	25.06	10/13/2023	Oct	2023	NAFP
Greens	spinach		3.48	18.56	10/13/2023	Oct	2023	NAFP
Vegetables	Turnips		15.3	54.40	10/13/2023	Oct	2023	NAFP
Vegetables	Beets		2.83	9.43	10/16/2023	Oct	2023	Broad St
Greens	Cabbage		9.235	47.06	10/16/2023	Oct	2023	Broad St
Vegetables	Daikon Radish		11.675	62.27	10/16/2023	Oct	2023	Broad St
Greens	kale		4.375	23.33	10/16/2023	Oct	2023	Broad St
Greens	Lettuce		18.595	99.17	10/16/2023	Oct	2023	Broad St
Greens	mustard Greens		5.295	15.89	10/16/2023	Oct	2023	Broad St
Vegetables	Onions		5.54	16.72	10/16/2023	Oct	2023	Broad St
Greens	Swiss Chard		6.12	32.64	10/16/2023	Oct	2023	Broad St
Vegetables	turnips		17.85	63.47	10/16/2023	Oct	2023	Broad St
Vegetables	Beets		2.83	9.43	10/16/2023	Oct	2023	GRIN
Greens	Cabbage		9.235	47.06	10/16/2023	Oct	2023	GRIN
Vegetables	Daikon Radish		11.675	62.27	10/16/2023	Oct	2023	GRIN
Greens	kale		4.375	23.33	10/16/2023	Oct	2023	GRIN
Greens	Lettuce		18.595	99.17	10/16/2023	Oct	2023	GRIN
Greens	mustard Greens		5.295	15.89	10/16/2023	Oct	2023	GRIN
Vegetables	Onions		5.54	16.72	10/16/2023	Oct	2023	GRIN
Vegetables	radishes		0.71	3.79	10/16/2023	Oct	2023	GRIN
Greens	Swiss Chard		6.12	32.64	10/16/2023	Oct	2023	GRIN
Vegetables	turnips		17.85	63.47	10/16/2023	Oct	2023	GRIN
Greens	Collards		17.87	95.31	10/23/2023	Oct	2023	NAFP
Greens	Collards		17.87	95.31	10/23/2023	Oct	2023	GRIN
Greens	Spinach		6.04	32.21	10/23/2023	Oct	2023	NAFP
Greens	Spinach		6.04	32.21	10/23/2023	Oct	2023	GRIN
Greens	Lettuce		29.18	155.63	10/23/2023	Oct	2023	NAFP
Greens	Lettuce		29.18	155.63	10/23/2023	Oct	2023	GRIN
Vegetables	Radishes		4.07	21.71	10/23/2023	Oct	2023	NAFP
Vegetables	Radishes		4.07	21.71	10/23/2023	Oct	2023	GRIN
Vegetables	Turnips		15.11	53.72	10/23/2023	Oct	2023	NAFP
Vegetables	Turnips		15.11	53.72	10/23/2023	Oct	2023	GRIN
Greens	Swiss Chard		4.84	25.81	10/23/2023	Oct	2023	NAFP
Greens	Swiss Chard		4.84	25.81	10/23/2023	Oct	2023	GRIN
Greens	Kale		3.47	18.51	10/23/2023	Oct	2023	NAFP
Greens	Kale		3.47	18.51	10/23/2023	Oct	2023	GRIN
Greens	Arugula		1	5.33	10/23/2023	Oct	2023	NAFP
Greens	Cabbage		10.7	54.52	10/23/2023	Oct	2023	NAFP
Vegetables	Turnips		34.49	122.63	10/25/2023	Oct	2023	NAFP
Vegetables	Turnips		68.98	245.26	10/25/2023	Oct	2023	Broad St
Vegetables	Peppers		1.27	3.83	10/25/2023	Oct	2023	NAFP
Vegetables	Onions		13	39.25	10/25/2023	Oct	2023	NAFP
Vegetables	Radishes		13.95	74.40	10/25/2023	Oct	2023	Broad St
Vegetables	Carrots		19.25	110.00	10/25/2023	Oct	2023	NAFP
Greens	Collards		15.41	82.19	10/25/2023	Oct	2023	GRIN
Greens	Collards		15.41	82.19	10/25/2023	Oct	2023	Broad St
Greens	Mustard Greens		19.67	59.01	10/25/2023	Oct	2023	NAFP
Greens	Lettuce		35.43	188.96	10/25/2023	Oct	2023	NAFP
Greens	Lettuce		70.86	377.92	10/25/2023	Oct	2023	GRIN
Greens	Swiss Chard		13.09	69.81	10/25/2023	Oct	2023	NAFP
Greens	Kale	10	20.2	107.73	10/25/2023	Oct	2023	NAFP
Greens	Kale	10	6.11	32.59	10/25/2023	Oct	2023	Broad St
Vegetables	Beets	10	1.97	6.57	10/25/2023	Oct	2023	NAFP
Vegetables	Broccoli	10	2.61	7.88	10/25/2023	Oct	2023	NAFP
Greens	Cabbage	10	3.91	19.92	10/25/2023	Oct	2023	GRIN
Greens	Spinach		7.64	40.75	11/4/2023	Nov	2023	GRIN
Greens	Collards		0.82	4.37	11/4/2023	Nov	2023	GRIN
Greens	Lettuce		5.4	28.80	11/4/2023	Nov	2023	GRIN
Greens	Kale		3.72	19.84	11/4/2023	Nov	2023	GRIN
Vegetables	Turnips		15.22	54.12	11/4/2023	Nov	2023	GRIN
Vegetables	Radishes		0.71	3.79	11/4/2023	Nov	2023	GRIN
Vegetables	Carrots		0.53	3.03	11/4/2023	Nov	2023	GRIN
Vegetables	Onions		3.43	10.35	11/4/2023	Nov	2023	GRIN
Vegetables	Carrots		65	371.43	11/14/2023	Nov	2023	GRIN
Greens	Microgreens		1.5	27.27	11/14/2023	Nov	2023	GRIN
Greens	Microgreens		4	72.73	3/2/2024	Mar	2024	Other
Greens	Microgreens		8	145.45	3/4/2024	Mar	2024	GRIN
Greens	Kale		22.41	119.52	5/3/2024	May	2024	GRIN
Greens	Lettuce		23.96	127.79	5/3/2024	May	2024	GRIN
Greens	spinach		3.12	16.64	5/3/2024	May	2024	GRIN
Vegetables	Carrots		4.35	24.86	5/3/2024	May	2024	GRIN
Greens	Kale		8.42	44.91	5/3/2024	May	2024	Motherful
Greens	Kale		10	53.33	5/10/2024	May	2024	GRIN
Greens	Lettuce		24.87	132.64	5/10/2024	May	2024	GRIN
Greens	Mustard Greens		7.31	21.93	5/10/2024	May	2024	GRIN
Greens	Spinach		5.13	27.36	5/10/2024	May	2024	GRIN
Vegetables	Radishes		15.55	82.93	5/10/2024	May	2024	GRIN
Greens	Lettuce		50.1	267.20	5/10/2024	May	2024	NAFP
Greens	Mustard Greens		17.96	53.88	5/10/2024	May	2024	NAFP
Vegetables	Radishes		5.58	29.76	5/10/2024	May	2024	NAFP
Greens	Spinach		26.84	143.15	5/13/2024	May	2024	GRIN
Greens	Mustard Greens		13	39.00	5/13/2024	May	2024	GRIN
Greens	Kale		5.24	27.95	5/17/2024	May	2024	GRIN
Greens	Lettuce		14.02	74.77	5/17/2024	May	2024	GRIN
Greens	Kale		5.28	28.16	5/17/2024	May	2024	GRIN
Greens	Kale		7.6	40.53	5/17/2024	May	2024	GRIN
Greens	Mustard Greens		8.44	25.32	5/17/2024	May	2024	Motherful
Greens	Kale		11.45	61.07	5/17/2024	May	2024	GRIN
Greens	Kale		8.3	44.27	5/17/2024	May	2024	Motherful
Greens	Lettuce		14.5	77.33	5/17/2024	May	2024	GRIN
Greens	Lettuce		16.33	87.09	5/17/2024	May	2024	GRIN
Greens	Lettuce		6.19	33.01	5/17/2024	May	2024	GRIN
Vegetables	Radishes		18	96.00	5/17/2024	May	2024	GRIN
Greens	Lettuce		51	272.00	5/17/2024	May	2024	GRIN
Vegetables	Radishes		15	80.00	5/17/2024	May	2024	Motherful
Greens	Lettuce		47.48	253.23	5/20/2024	May	2024	NAFP
Greens	Lettuce		75	400.00	5/20/2024	May	2024	Broad St
Vegetables	Radishes		25	133.33	5/20/2024	May	2024	Broad St
Vegetables	Radishes		31.57	168.37	5/20/2024	May	2024	NAFP
Vegetables	Radishes		23	122.67	5/22/2024	May	2024	NAFP
Vegetables	Onions		11	33.21	5/22/2024	May	2024	NAFP
Greens	Lettuce		19	101.33	5/22/2024	May	2024	NAFP
Vegetables	Radishes		23	122.67	5/22/2024	May	2024	NAFP
Greens	kale		6.50	34.67	5/24/2024	May	2024	NAFP
Greens	Lettuce		56.66	302.19	5/24/2024	May	2024	NAFP
Greens	Mustard Greens		6.18	18.54	5/24/2024	May	2024	NAFP
Vegetables	Peas		2.99	13.66	5/24/2024	May	2024	NAFP
Vegetables	Radishes		17.23	91.87	5/24/2024	May	2024	NAFP
Fruit	Strawberries		2.67	10.17	5/24/2024	May	2024	NAFP
Greens	kale		3.34	17.82	5/24/2024	May	2024	GRIN
Greens	Lettuce		45.79	244.21	5/24/2024	May	2024	GRIN
Vegetables	Peas		2.45	11.18	5/24/2024	May	2024	GRIN
Vegetables	Radishes		14.09	75.17	5/24/2024	May	2024	GRIN
Greens	spinach		9.79	52.21	5/24/2024	May	2024	GRIN
Greens	Lettuce		34.44	183.68	5/24/2024	May	2024	Motherful
Vegetables	Peas		1.77	8.09	5/24/2024	May	2024	Motherful
Vegetables	Radishes		10.18	54.29	5/24/2024	May	2024	Motherful
Greens	spinach		8.10	43.20	5/24/2024	May	2024	Motherful
Greens	Lettuce		48.93	260.96	5/29/2024	May	2024	NAFP
Greens	Lettuce		172.16	918.19	5/29/2024	May	2024	GRIN
Vegetables	Peas		4.54	20.75	5/29/2024	May	2024	GRIN
Vegetables	Turnips		49.27	175.18	5/29/2024	May	2024	GRIN
Fruit	Strawberries		40.43	154.02	5/29/2024	May	2024	GRIN
Fruit	strawberries		31.48	119.92	5/31/2024	May	2024	GRIN
Greens	lettuce		74.63	398.03	5/31/2024	May	2024	GRIN
Fruit	strawberries		8.11	30.90	6/3/2024	Jun	2024	GRIN
Herbs	Garlic Scapes		7.65	408.00	6/3/2024	Jun	2024	Broad St
Vegetables	Radishes		16.02	85.44	6/5/2024	Jun	2024	Broad St
Vegetables	turnips		13.36	47.50	6/5/2024	Jun	2024	Broad St
Greens	lettuce		54.85	292.53	6/5/2024	Jun	2024	NAFP
Vegetables	turnips		19.58	69.62	6/5/2024	Jun	2024	NAFP
Vegetables	Peas		5.42	24.78	6/7/2024	Jun	2024	GRIN
Herbs	Cilantro		10.06	321.92	6/7/2024	Jun	2024	GRIN
Greens	lettuce		55.38	295.36	6/7/2024	Jun	2024	Broad St
Vegetables	turnips		41.7	148.27	6/7/2024	Jun	2024	Broad St
Vegetables	Radishes		29.18	155.63	6/7/2024	Jun	2024	Broad St
Greens	lettuce		48.73	259.89	6/14/2024	Jun	2024	GRIN
Greens	bok Choy		15.4	98.56	6/14/2024	Jun	2024	GRIN
Greens	lettuce		10.83	57.76	6/14/2024	Jun	2024	Motherful
Greens	bok Choy		15	96.00	6/14/2024	Jun	2024	Motherful
Greens	lettuce		21.84	116.48	6/14/2024	Jun	2024	NAFP
Greens	bok Choy		78.26	500.86	6/14/2024	Jun	2024	NAFP
Greens	lettuce		99.81	532.32	6/19/2024	Jun	2024	GRIN
Greens	collards		22.96	122.45	6/19/2024	Jun	2024	GRIN
Greens	kale		2.9	15.47	6/19/2024	Jun	2024	GRIN
Vegetables	Peas		4.46	20.39	6/19/2024	Jun	2024	GRIN
Greens	kale		15.22	81.17	6/19/2024	Jun	2024	NAFP
Greens	lettuce		82.39	439.41	6/19/2024	Jun	2024	NAFP
Greens	lettuce		87.1	464.53	6/21/2024	Jun	2024	Broad St
Greens	collards		19.01	101.39	6/21/2024	Jun	2024	GRIN
Flowers	Flower bouquets	20			6/21/2024	Jun	2024	GRIN
Greens	kale		2.89	15.41	6/21/2024	Jun	2024	GRIN
Greens	lettuce		63.05	336.27	6/21/2024	Jun	2024	GRIN
Greens	Swiss Chard		22.91	122.19	6/21/2024	Jun	2024	GRIN
Greens	Cabbage		27.98	142.57	6/26/2024	Jun	2024	GRIN
Greens	lettuce		25.87	137.97	6/26/2024	Jun	2024	GRIN
Vegetables	Yellow Squash		4.44	20.30	6/26/2024	Jun	2024	GRIN
Greens	Cabbage		53.97	275.01	6/26/2024	Jun	2024	NAFP
Vegetables	daikon Radish		30.96	165.12	6/26/2024	Jun	2024	NAFP
Greens	kale		6.43	34.29	6/26/2024	Jun	2024	NAFP
Greens	lettuce		20.5	109.33	6/26/2024	Jun	2024	NAFP
Greens	lettuce		80.95	431.73	6/26/2024	Jun	2024	NAFP
Vegetables	Onions		31.66	95.58	6/26/2024	Jun	2024	NAFP
Greens	Swiss Chard		7.19	38.35	6/26/2024	Jun	2024	NAFP
Vegetables	Yellow Squash		18.97	86.72	6/26/2024	Jun	2024	NAFP
Flowers	Flower bouquets	42			6/28/2024	Jun	2024	GRIN
Greens	lettuce		102.59	547.15	6/28/2024	Jun	2024	GRIN
Herbs	Basil		0.1	3.20	6/28/2024	Jun	2024	NAFP
Vegetables	Carrots		31.44	179.66	6/28/2024	Jun	2024	NAFP
Herbs	Cilantro		8.83	282.56	6/28/2024	Jun	2024	NAFP
Vegetables	Cucumbers		3.21	14.67	6/28/2024	Jun	2024	NAFP
Vegetables	Leeks		0.96	3.51	6/28/2024	Jun	2024	NAFP
Greens	lettuce		21	112.00	6/28/2024	Jun	2024	NAFP
Vegetables	yellow Squash		30.41	139.02	6/28/2024	Jun	2024	NAFP
Vegetables	Carrots		15.05	86.00	6/28/2024	Jun	2024	GRIN
Vegetables	Garlic		23.9	764.80	6/28/2024	Jun	2024	GRIN
Vegetables	Garlic		15.94	510.08	6/28/2024	Jun	2024	NAFP
Greens	lettuce		49	261.33	7/1/2024	Jul	2024	GRIN
Vegetables	Carrots		39.95	228.29	7/1/2024	Jul	2024	GRIN
Vegetables	yellow Squash		17	77.71	7/1/2024	Jul	2024	GRIN
Vegetables	Cucumbers		8	36.57	7/1/2024	Jul	2024	GRIN
Vegetables	onions		41	123.77	7/1/2024	Jul	2024	GRIN
Herbs	cilantro		13	416.00	7/1/2024	Jul	2024	GRIN
Vegetables	yellow Squash		9	41.14	7/3/2024	Jul	2024	GRIN
Vegetables	Cucumbers		3.24	14.81	7/3/2024	Jul	2024	GRIN
Vegetables	Peppers		0.81	2.45	7/3/2024	Jul	2024	GRIN
Greens	lettuce		58.02	309.44	7/3/2024	Jul	2024	GRIN
Herbs	Basil		2.03	64.96	7/3/2024	Jul	2024	GRIN
Greens	kale		6	32.00	7/3/2024	Jul	2024	GRIN
Greens	collards		23.36	124.59	7/3/2024	Jul	2024	GRIN
Greens	kale		17.81	94.99	7/3/2024	Jul	2024	GRIN
Vegetables	Cucumbers		23.08	105.51	7/5/2024	Jul	2024	GRIN
Vegetables	yellow Squash		16.6	75.89	7/5/2024	Jul	2024	GRIN
Greens	Cabbage		42.12	214.62	7/5/2024	Jul	2024	GRIN
Greens	collards		14.06	74.99	7/5/2024	Jul	2024	GRIN
Vegetables	Beans		22.57	120.37	7/5/2024	Jul	2024	GRIN
Flowers	Flower bouquets	31			7/5/2024	Jul	2024	GRIN
Vegetables	Beans		5.43	28.96	7/5/2024	Jul	2024	Motherful
Vegetables	Cucumbers		7.7	35.20	7/5/2024	Jul	2024	Motherful
Greens	collards		7.69	41.01	7/5/2024	Jul	2024	Motherful
Vegetables	Carrots		0.65	3.71	7/5/2024	Jul	2024	Motherful
Greens	Cabbage		16.92	86.22	7/5/2024	Jul	2024	Motherful
Greens	bok Choy		46.06	294.78	7/5/2024	Jul	2024	Motherful
Greens	Cabbage		43.86	223.49	7/5/2024	Jul	2024	NAFP
Greens	Cabbage		40.81	207.95	7/5/2024	Jul	2024	NAFP
Greens	lettuce		55	293.33	7/5/2024	Jul	2024	NAFP
Vegetables	Kohlrabi		54.21	182.22	7/5/2024	Jul	2024	Broad St
Greens	lettuce		6.39	34.08	7/5/2024	Jul	2024	Broad St
Greens	Lettuce		39.61	211.25	7/8/2024	Jul	2024	Broad St
Greens	collards		39	208.00	7/8/2024	Jul	2024	Broad St
Vegetables	Cherry Tomatoes		1	3.05	7/10/2024	Jul	2024	NAFP
Vegetables	Peppers		1	3.02	7/10/2024	Jul	2024	NAFP
Vegetables	Carrots		66	377.14	7/10/2024	Jul	2024	NAFP
Vegetables	yellow Squash		40	182.86	7/10/2024	Jul	2024	NAFP
Vegetables	Beans		37	197.33	7/10/2024	Jul	2024	NAFP
Vegetables	cucumbers		20	91.43	7/10/2024	Jul	2024	NAFP
Vegetables	Kohlrabi		29	97.48	7/10/2024	Jul	2024	NAFP
Vegetables	onions		20	60.38	7/10/2024	Jul	2024	NAFP
Vegetables	Beets		17	56.67	7/10/2024	Jul	2024	NAFP
Greens	Lettuce		47	250.67	7/10/2024	Jul	2024	NAFP
Greens	Swiss Chard		16	85.33	7/10/2024	Jul	2024	NAFP
Greens	kale		15	80.00	7/10/2024	Jul	2024	NAFP
Greens	collards		11	58.67	7/10/2024	Jul	2024	NAFP
Greens	Lettuce		66	352.00	7/10/2024	Jul	2024	GRIN
Greens	kale		16	85.33	7/10/2024	Jul	2024	GRIN
Vegetables	Carrots		42	240.00	7/10/2024	Jul	2024	GRIN
Vegetables	onions		17	51.32	7/10/2024	Jul	2024	GRIN
Vegetables	Beans		9	48.00	7/10/2024	Jul	2024	GRIN
Flowers	Flower bouquets	36	0	0.00	7/11/2024	Jul	2024	Farmers' Market
Vegetables	yellow Squash		44	201.14	7/10/2024	Jul	2024	GRIN
Greens	Lettuce		23	122.67	7/15/2024	Jul	2024	GRIN
Greens	Lettuce		21	112.00	7/15/2024	Jul	2024	GRIN
Vegetables	Kohlrabi		22	73.95	7/15/2024	Jul	2024	GRIN
Greens	Cabbage		43	219.11	7/15/2024	Jul	2024	GRIN
Greens	collards		18	96.00	7/15/2024	Jul	2024	GRIN
Greens	kale		10	53.33	7/15/2024	Jul	2024	GRIN
Vegetables	Peppers		1	3.02	7/15/2024	Jul	2024	GRIN
Vegetables	Cherry Tomatoes		3	9.14	7/15/2024	Jul	2024	GRIN
Vegetables	Beans		33	176.00	7/15/2024	Jul	2024	GRIN
Vegetables	yellow Squash		26	118.86	7/15/2024	Jul	2024	GRIN
Vegetables	Eggplant		17	77.71	7/15/2024	Jul	2024	GRIN
Vegetables	Carrots		19	108.57	7/15/2024	Jul	2024	GRIN
Vegetables	Beets		17	56.67	7/15/2024	Jul	2024	GRIN
Greens	Lettuce		19	101.33	7/17/2024	Jul	2024	NAFP
Greens	collards		12	64.00	7/17/2024	Jul	2024	NAFP
Vegetables	yellow Squash		14	64.00	7/17/2024	Jul	2024	NAFP
Vegetables	Peppers		8	24.15	7/17/2024	Jul	2024	NAFP
Vegetables	cucumbers		9	41.14	7/17/2024	Jul	2024	NAFP
Vegetables	Eggplant		2	9.14	7/17/2024	Jul	2024	NAFP
Vegetables	cucumbers		3	13.71	7/17/2024	Jul	2024	NAFP
Vegetables	Carrots		18	102.86	7/17/2024	Jul	2024	NAFP
Vegetables	Kohlrabi		6	20.17	7/17/2024	Jul	2024	NAFP
Greens	Lettuce		32	170.67	7/17/2024	Jul	2024	GRIN
Greens	collards		32	170.67	7/17/2024	Jul	2024	GRIN
Vegetables	Beans		13	69.33	7/17/2024	Jul	2024	GRIN
Vegetables	yellow Squash		14	64.00	7/17/2024	Jul	2024	GRIN
Vegetables	Peppers		9	27.17	7/17/2024	Jul	2024	GRIN
Vegetables	Eggplant		10	45.71	7/17/2024	Jul	2024	GRIN
Vegetables	cucumbers		7	32.00	7/17/2024	Jul	2024	GRIN
Vegetables	Cherry Tomatoes		6	18.29	7/17/2024	Jul	2024	GRIN
Vegetables	onions		18	54.34	7/17/2024	Jul	2024	GRIN
Herbs	Basil		6	192.00	7/17/2024	Jul	2024	GRIN
Vegetables	Beets		4	13.33	7/17/2024	Jul	2024	GRIN
Vegetables	Carrots		30	171.43	7/17/2024	Jul	2024	GRIN
Flowers	Flower bouquets	25	0	0.00	7/17/2024	Jul	2024	GRIN
Greens	Swiss Chard		6	32.00	7/22/2024	Jul	2024	NAFP
Greens	Kale		19	101.33	7/22/2024	Jul	2024	NAFP
Greens	Collards		11	58.67	7/22/2024	Jul	2024	NAFP
Vegetables	Yellow squash		29	132.57	7/22/2024	Jul	2024	NAFP
Vegetables	Peppers		2	6.04	7/22/2024	Jul	2024	NAFP
Vegetables	Cherry Tomatoes		14	42.67	7/22/2024	Jul	2024	NAFP
Greens	Collards		13	69.33	7/24/2024	Jul	2024	GRIN
Greens	Swiss Chard		11	58.67	7/24/2024	Jul	2024	GRIN
Greens	Lettuce		35	186.67	7/24/2024	Jul	2024	GRIN
Vegetables	Yellow squash		15	68.57	7/24/2024	Jul	2024	GRIN
Vegetables	cucumbers		7	32.00	7/24/2024	Jul	2024	GRIN
Vegetables	Beets		2	6.67	7/24/2024	Jul	2024	GRIN
Vegetables	onions		24	72.45	7/24/2024	Jul	2024	GRIN
Vegetables	Eggplant		11	50.29	7/24/2024	Jul	2024	GRIN
Vegetables	Cherry Tomatoes		4	12.19	7/24/2024	Jul	2024	GRIN
Greens	Lettuce		106	565.33	7/24/2024	Jul	2024	NAFP
Greens	Swiss Chard		6	32.00	7/24/2024	Jul	2024	NAFP
Greens	Collards		20	106.67	7/24/2024	Jul	2024	NAFP
Greens	kale		6	32.00	7/24/2024	Jul	2024	NAFP
Vegetables	Cherry Tomatoes		10	30.48	7/24/2024	Jul	2024	NAFP
Vegetables	yellow squash		27	123.43	7/24/2024	Jul	2024	NAFP
Vegetables	Beans		22	117.33	7/24/2024	Jul	2024	NAFP
Vegetables	Peppers		7	21.13	7/24/2024	Jul	2024	NAFP
Herbs	Basil		1	32.00	7/24/2024	Jul	2024	NAFP
Vegetables	Eggplant		7	32.00	7/24/2024	Jul	2024	NAFP
Vegetables	onions		40	120.75	7/24/2024	Jul	2024	NAFP
Vegetables	cucumbers		10	45.71	7/24/2024	Jul	2024	NAFP
Herbs	cilantro		4	128.00	7/24/2024	Jul	2024	NAFP
Vegetables	Cherry Tomatoes		14	42.67	7/26/2024	Jul	2024	NAFP
Herbs	Basil		1	32.00	7/26/2024	Jul	2024	NAFP
Vegetables	Beets		36	120.00	7/26/2024	Jul	2024	NAFP
Vegetables	Beans		24	128.00	7/26/2024	Jul	2024	NAFP
Vegetables	yellow squash		22	100.57	7/26/2024	Jul	2024	NAFP
Greens	Collards		12	64.00	7/26/2024	Jul	2024	NAFP
Flowers	Flower bouquets	44	0	0.00	7/26/2024	Jul	2024	NAFP
Herbs	Mint		5	160.00	7/26/2024	Jul	2024	NAFP
Greens	Lettuce		25	133.33	7/26/2024	Jul	2024	GRIN
Vegetables	Cherry Tomatoes		12	36.57	7/26/2024	Jul	2024	GRIN
herbs	basil		1	32.00	7/26/2024	Jul	2024	GRIN
Vegetables	Corn		9	28.18	7/26/2024	Jul	2024	GRIN
Vegetables	yellow squash		42	192.00	7/29/2024	Jul	2024	GRIN
Vegetables	Eggplant		13	59.43	7/29/2024	Jul	2024	GRIN
Vegetables	Peppers		17	51.32	7/29/2024	Jul	2024	GRIN
Vegetables	Cherry Tomatoes		30	91.43	7/29/2024	Jul	2024	GRIN
Vegetables	cucumbers		50	228.57	7/29/2024	Jul	2024	GRIN
herbs	basil		4	128.00	7/29/2024	Jul	2024	GRIN
Greens	Collards		13	69.33	7/29/2024	Jul	2024	GRIN
Greens	kale		4	21.33	7/29/2024	Jul	2024	GRIN
Flowers	Flower bouquets	37	0	0.00	7/31/2024	Jul	2024	Farmers' Market
Greens	Collards		46.79	249.55	7/31/2024	Jul	2024	GRIN
Vegetables	cucumbers		2.37	10.83	7/31/2024	Jul	2024	GRIN
Vegetables	Eggplant		8.15	37.26	7/31/2024	Jul	2024	GRIN
Vegetables	yellow squash		27.42	125.35	7/31/2024	Jul	2024	GRIN
Vegetables	Cherry Tomatoes		42.23	128.70	7/31/2024	Jul	2024	GRIN
Vegetables	Beans		27	144.00	8/2/2024	Aug	2024	GRIN
Vegetables	cucumbers		13	59.43	8/2/2024	Aug	2024	GRIN
Vegetables	Cherry Tomatoes		30	91.43	8/2/2024	Aug	2024	GRIN
Vegetables	Eggplant		16	73.14	8/2/2024	Aug	2024	GRIN
Vegetables	Peppers		9	27.17	8/2/2024	Aug	2024	GRIN
Vegetables	Zucchini		12	54.86	8/2/2024	Aug	2024	GRIN
Vegetables	yellow squash		32	146.29	8/2/2024	Aug	2024	GRIN
Vegetables	cucumbers		10	45.71	8/5/2024	Aug	2024	GRIN
Vegetables	Cherry Tomatoes		39	118.86	8/5/2024	Aug	2024	GRIN
Vegetables	Beans		1	5.33	8/5/2024	Aug	2024	GRIN
Vegetables	Zucchini		6	27.43	8/5/2024	Aug	2024	GRIN
Vegetables	yellow squash		22	100.57	8/5/2024	Aug	2024	GRIN
Vegetables	Eggplant		2	9.14	8/5/2024	Aug	2024	GRIN
Vegetables	Peppers		2	6.04	8/5/2024	Aug	2024	GRIN
Vegetables	cucumbers		28	128.00	8/7/2024	Aug	2024	NAFP
Vegetables	yellow squash		22	100.57	8/7/2024	Aug	2024	NAFP
Vegetables	Zucchini		19	86.86	8/7/2024	Aug	2024	NAFP
Vegetables	Peppers		10	30.19	8/7/2024	Aug	2024	NAFP
Vegetables	Cherry Tomatoes		67	204.19	8/7/2024	Aug	2024	GRIN
Vegetables	Peppers		35	105.66	8/7/2024	Aug	2024	GRIN
Vegetables	Eggplant		1	4.57	8/7/2024	Aug	2024	GRIN
Vegetables	Beans		16	85.33	8/7/2024	Aug	2024	GRIN
Greens	Collards		25	133.33	8/7/2024	Aug	2024	GRIN
Greens	Lettuce		40	213.33	8/7/2024	Aug	2024	GRIN
Vegetables	Beets		47	156.67	8/7/2024	Aug	2024	GRIN
Vegetables	garlic		5	160.00	8/7/2024	Aug	2024	GRIN
Flowers	Flower bouquets	30	0	0.00	8/9/2024	Aug	2024	GRIN
Greens	Collards		7	37.33	8/9/2024	Aug	2024	Motherful
Vegetables	Cherry Tomatoes		5	15.24	8/9/2024	Aug	2024	Motherful
Vegetables	yellow squash		5	22.86	8/9/2024	Aug	2024	Motherful
Vegetables	Eggplant		8	36.57	8/9/2024	Aug	2024	Motherful
Vegetables	peppers		5	15.09	8/9/2024	Aug	2024	Motherful
Greens	Collards		11	58.67	8/9/2024	Aug	2024	GRIN
Vegetables	Cherry Tomatoes		46	140.19	8/9/2024	Aug	2024	GRIN
Vegetables	yellow squash		24	109.71	8/9/2024	Aug	2024	GRIN
Vegetables	zucchini		6	27.43	8/9/2024	Aug	2024	GRIN
Vegetables	Cherry Tomatoes		64	195.05	8/14/2024	Aug	2024	NAFP
Vegetables	Beans		12	64.00	8/14/2024	Aug	2024	NAFP
Vegetables	cucumbers		21	96.00	8/14/2024	Aug	2024	NAFP
Vegetables	peppers		60	181.13	8/14/2024	Aug	2024	NAFP
Vegetables	Eggplant		10	45.71	8/14/2024	Aug	2024	NAFP
Vegetables	zucchini		14	64.00	8/14/2024	Aug	2024	NAFP
Greens	Lettuce		85	453.33	8/14/2024	Aug	2024	NAFP
Vegetables	yellow squash		38	173.71	8/14/2024	Aug	2024	NAFP
Vegetables	cucumbers		7	32.00	8/16/2024	Aug	2024	NAFP
Greens	Collards		13	69.33	8/16/2024	Aug	2024	NAFP
Vegetables	yellow squash		19	86.86	8/16/2024	Aug	2024	NAFP
Vegetables	Cherry Tomatoes		51	155.43	8/16/2024	Aug	2024	NAFP
Vegetables	garlic		2	64.00	8/16/2024	Aug	2024	NAFP
Greens	Collards		26	138.67	8/18/2024	Aug	2024	Broad St
Vegetables	zucchini		12	54.86	8/18/2024	Aug	2024	Broad St
Vegetables	Beans		25	133.33	8/18/2024	Aug	2024	Broad St
Greens	Swiss Chard		4	21.33	8/18/2024	Aug	2024	Broad St
Vegetables	yellow squash		12	54.86	8/18/2024	Aug	2024	Broad St
Vegetables	garlic		2	64.00	8/18/2024	Aug	2024	Broad St
Vegetables	Peppers		6	18.11	8/18/2024	Aug	2024	Broad St
Vegetables	cucumbers		14	64.00	8/18/2024	Aug	2024	Broad St
Greens	Lettuce		9	48.00	8/18/2024	Aug	2024	Broad St
Vegetables	Cherry Tomatoes		6	18.29	8/18/2024	Aug	2024	Broad St
Flowers	Flower bouquets	15	0	0.00	8/18/2024	Aug	2024	Broad St
Greens	Lettuce		51	272.00	8/19/2024	Aug	2024	GRIN
Greens	Collards		5	26.67	8/19/2024	Aug	2024	GRIN
Vegetables	zucchini		25	114.29	8/19/2024	Aug	2024	GRIN
Vegetables	yellow squash		89	406.86	8/19/2024	Aug	2024	GRIN
Vegetables	Eggplant		4	18.29	8/19/2024	Aug	2024	GRIN
Vegetables	cucumbers		46	210.29	8/19/2024	Aug	2024	GRIN
Vegetables	Beans		7	37.33	8/19/2024	Aug	2024	GRIN
Vegetables	Garlic		2	64.00	8/19/2024	Aug	2024	GRIN
Vegetables	Cherry Tomatoes		26	79.24	8/19/2024	Aug	2024	GRIN
Vegetables	Okra		4	18.29	8/19/2024	Aug	2024	GRIN
Vegetables	Peppers		42	126.79	8/21/2024	Aug	2024	GRIN
Greens	Collards		17	90.67	8/21/2024	Aug	2024	GRIN
Vegetables	Cucumbers		38	173.71	8/21/2024	Aug	2024	GRIN
Vegetables	zucchini		9	41.14	8/21/2024	Aug	2024	GRIN
Vegetables	yellow squash		29	132.57	8/21/2024	Aug	2024	GRIN
Vegetables	Cherry Tomatoes		49	149.33	8/21/2024	Aug	2024	GRIN
Vegetables	Beans		60	320.00	8/21/2024	Aug	2024	GRIN
Vegetables	Beets		32	106.67	8/21/2024	Aug	2024	GRIN
Greens	Lettuce		9	48.00	8/23/2024	Aug	2024	Motherful
Greens	Collards		13	69.33	8/23/2024	Aug	2024	Motherful
Vegetables	Peppers		4	12.08	8/23/2024	Aug	2024	Motherful
Vegetables	yellow squash		3	13.71	8/23/2024	Aug	2024	Motherful
Vegetables	Cherry Tomatoes		7	21.33	8/23/2024	Aug	2024	Motherful
Vegetables	zucchini		5	22.86	8/23/2024	Aug	2024	Motherful
Vegetables	Cucumbers		2	9.14	8/23/2024	Aug	2024	Motherful
Greens	Swiss Chard		4	21.33	8/23/2024	Aug	2024	Motherful
Greens	Lettuce		37	197.33	8/23/2024	Aug	2024	GRIN
Vegetables	Cherry Tomatoes		12	36.57	8/23/2024	Aug	2024	GRIN
Greens	Collards		10	53.33	8/23/2024	Aug	2024	GRIN
Vegetables	zucchini		8	36.57	8/28/2024	Aug	2024	NAFP
Vegetables	Cherry Tomatoes		86	262.10	8/28/2024	Aug	2024	NAFP
Greens	Lettuce		48	256.00	8/28/2024	Aug	2024	NAFP
Greens	Collards		24	128.00	8/28/2024	Aug	2024	NAFP
Vegetables	Cucumbers		53	242.29	8/28/2024	Aug	2024	NAFP
Vegetables	yellow squash		91	416.00	8/28/2024	Aug	2024	NAFP
Vegetables	Brussels Sprouts		10	51.60	8/28/2024	Aug	2024	NAFP
Vegetables	Eggplant		16	73.14	8/28/2024	Aug	2024	NAFP
Vegetables	Peppers		97	292.83	8/28/2024	Aug	2024	NAFP
Vegetables	yellow squash		10	45.71	8/30/2024	Aug	2024	Motherful
Greens	Collards		8	42.67	8/30/2024	Aug	2024	Motherful
Greens	Lettuce		11	58.67	8/30/2024	Aug	2024	Motherful
Vegetables	Cherry Tomatoes		18	54.86	8/30/2024	Aug	2024	Motherful
Vegetables	Okra		5	22.86	8/30/2024	Aug	2024	NAFP
Vegetables	Yellow Squash		23	105.14	8/30/2024	Aug	2024	NAFP
Vegetables	Zucchini		13	59.43	8/30/2024	Aug	2024	NAFP
Vegetables	Cherry Tomatoes		20	60.95	8/30/2024	Aug	2024	NAFP
Greens	Lettuce		54	288.00	8/30/2024	Aug	2024	NAFP
Flowers	Flower bouquets	26	0	0.00	8/30/2024	Aug	2024	NAFP
Vegetables	Cucumbers		123	562.29	9/3/2024	Sep	2024	GRIN
Vegetables	Peppers		55	166.04	9/3/2024	Sep	2024	GRIN
Vegetables	Cherry Tomatoes		15	45.71	9/3/2024	Sep	2024	GRIN
Vegetables	Yellow Squash		43	196.57	9/3/2024	Sep	2024	GRIN
Vegetables	Eggplant		1	4.57	9/3/2024	Sep	2024	GRIN
Greens	Lettuce		35	186.67	9/4/2024	Sep	2024	GRIN
Greens	Collards		20	106.67	9/4/2024	Sep	2024	GRIN
Vegetables	Yellow Squash		115	525.71	9/4/2024	Sep	2024	GRIN
Vegetables	Eggplant		24	109.71	9/4/2024	Sep	2024	GRIN
Vegetables	Zucchini		18	82.29	9/4/2024	Sep	2024	GRIN
Vegetables	Onions		26	78.49	9/4/2024	Sep	2024	GRIN
Vegetables	Cherry Tomatoes		60	182.86	9/4/2024	Sep	2024	GRIN
Greens	Lettuce		52	277.33	9/6/2024	Sep	2024	GRIN
Greens	Collards		2	10.67	9/6/2024	Sep	2024	GRIN
Vegetables	Peppers		3	9.06	9/6/2024	Sep	2024	GRIN
Vegetables	Yellow Squash		36	164.57	9/6/2024	Sep	2024	GRIN
Vegetables	Cucumbers		32	146.29	9/6/2024	Sep	2024	GRIN
Vegetables	Cherry Tomatoes		36	109.71	9/6/2024	Sep	2024	GRIN
Vegetables	Eggplant		31	141.71	9/6/2024	Sep	2024	GRIN
Vegetables	Eggplant		20	91.43	9/6/2024	Sep	2024	Motherful
Vegetables	Zucchini		8	36.57	9/6/2024	Sep	2024	Motherful
Vegetables	Yellow Squash		15	68.57	9/6/2024	Sep	2024	Motherful
Vegetables	Okra		2	9.14	9/6/2024	Sep	2024	Motherful
Vegetables	Cherry Tomatoes		25	76.19	9/6/2024	Sep	2024	Motherful
Greens	Lettuce		16	85.33	9/6/2024	Sep	2024	Motherful
Flowers	Flower bouquets	25	0	0.00	9/6/2024	Sep	2024	GRIN
Greens	Lettuce		32	170.67	9/11/2024	Sep	2024	NAFP
Vegetables	Cucumbers		17	77.71	9/11/2024	Sep	2024	NAFP
Vegetables	Peppers		28	84.53	9/11/2024	Sep	2024	NAFP
Vegetables	Yellow Squash		48	219.43	9/11/2024	Sep	2024	NAFP
Vegetables	Zucchini		61	278.86	9/11/2024	Sep	2024	NAFP
Vegetables	Beans		70	373.33	9/11/2024	Sep	2024	NAFP
Vegetables	Eggplant		61	278.86	9/11/2024	Sep	2024	NAFP
Vegetables	Cherry Tomatoes		66	201.14	9/11/2024	Sep	2024	NAFP
Vegetables	Turnips		4	14.22	9/11/2024	Sep	2024	NAFP
Vegetables	Onions		26	78.49	9/11/2024	Sep	2024	NAFP
Flowers	Flower bouquets	25	0	0.00	9/13/2024	Sep	2024	Farmers' Market
Vegetables	Cherry Tomatoes		31	94.48	9/16/2024	Sep	2024	GRIN
Vegetables	Peppers		37	111.70	9/16/2024	Sep	2024	GRIN
Vegetables	Beans		14	74.67	9/16/2024	Sep	2024	GRIN
Greens	Lettuce		25	133.33	9/16/2024	Sep	2024	GRIN
Greens	Swiss Chard		2	10.67	9/16/2024	Sep	2024	GRIN
Greens	Kale		14	74.67	9/16/2024	Sep	2024	GRIN
Vegetables	Cucumbers		15	68.57	9/16/2024	Sep	2024	GRIN
Vegetables	Zucchini		22	100.57	9/16/2024	Sep	2024	GRIN
Vegetables	Yellow Squash		48	219.43	9/16/2024	Sep	2024	GRIN
Vegetables	Eggplant		1	4.57	9/16/2024	Sep	2024	GRIN
Greens	Collards		33	176.00	9/18/2024	Sep	2024	GRIN
Greens	Kale		5	26.67	9/18/2024	Sep	2024	GRIN
Vegetables	Peppers		35	105.66	9/18/2024	Sep	2024	GRIN
Vegetables	Zucchini		26	118.86	9/18/2024	Sep	2024	GRIN
Vegetables	Cherry Tomatoes		34	103.62	9/18/2024	Sep	2024	GRIN
Vegetables	Eggplant		22	100.57	9/18/2024	Sep	2024	GRIN
Vegetables	Cucumbers		13	59.43	9/18/2024	Sep	2024	GRIN
Vegetables	Yellow Squash		46	210.29	9/18/2024	Sep	2024	GRIN
Vegetables	Beans		16	85.33	9/18/2024	Sep	2024	GRIN
Greens	Lettuce		49	261.33	9/20/2024	Sep	2024	GRIN
Greens	Swiss Chard		1	5.33	9/20/2024	Sep	2024	GRIN
Greens	Collards		12	64.00	9/20/2024	Sep	2024	GRIN
Vegetables	Onions		11	33.21	9/20/2024	Sep	2024	GRIN
Vegetables	Cherry Tomatoes		16	48.76	9/20/2024	Sep	2024	GRIN
Vegetables	Yellow Squash		14	64.00	9/20/2024	Sep	2024	GRIN
Vegetables	Eggplant		12	54.86	9/20/2024	Sep	2024	GRIN
Vegetables	Peppers		11	33.21	9/20/2024	Sep	2024	GRIN
Greens	Lettuce		11	58.67	9/20/2024	Sep	2024	Motherful
Greens	Kale		4	21.33	9/20/2024	Sep	2024	Motherful
Vegetables	Eggplant		6	27.43	9/20/2024	Sep	2024	Motherful
Vegetables	Yellow Squash		6	27.43	9/20/2024	Sep	2024	Motherful
Vegetables	Beans		3	16.00	9/20/2024	Sep	2024	Motherful
Vegetables	Peppers		5	15.09	9/20/2024	Sep	2024	Motherful
Vegetables	Cherry Tomatoes		3	9.14	9/20/2024	Sep	2024	Motherful
Greens	Collards		3	16.00	9/20/2024	Sep	2024	Motherful
Vegetables	Cucumbers		10	45.71	9/15/2024	Sep	2024	Broad St
Greens	Lettuce		18	96.00	9/15/2024	Sep	2024	Broad St
Vegetables	Yellow Squash		12	54.86	9/15/2024	Sep	2024	Broad St
Vegetables	Beans		6	32.00	9/15/2024	Sep	2024	Broad St
Vegetables	Zucchini		20	91.43	9/15/2024	Sep	2024	Broad St
Greens	Collards		20	106.67	9/23/2024	Sep	2024	GRIN
Vegetables	Yellow Squash		26	118.86	9/23/2024	Sep	2024	GRIN
Vegetables	Eggplant		9	41.14	9/23/2024	Sep	2024	GRIN
Vegetables	Peppers		29	87.55	9/23/2024	Sep	2024	GRIN
Vegetables	Onions		12	36.23	9/23/2024	Sep	2024	GRIN
Vegetables	Cherry Tomatoes		29	88.38	9/23/2024	Sep	2024	GRIN
Vegetables	Cherry Tomatoes		18	54.86	9/25/2024	Sep	2024	NAFP
Vegetables	Yellow Squash		97	443.43	9/25/2024	Sep	2024	NAFP
Vegetables	Eggplant		4	18.29	9/25/2024	Sep	2024	NAFP
Vegetables	Peppers		44	132.83	9/25/2024	Sep	2024	NAFP
Greens	Collards		12	64.00	9/25/2024	Sep	2024	NAFP
Greens	Swiss Chard		10	53.33	9/25/2024	Sep	2024	NAFP
Greens	Kale		6	32.00	9/25/2024	Sep	2024	NAFP
Vegetables	Zucchini		113	516.57	9/25/2024	Sep	2024	NAFP
Vegetables	Cucumbers		27	123.43	9/25/2024	Sep	2024	NAFP
Vegetables	Turnips		20	71.11	9/25/2024	Sep	2024	NAFP
Vegetables	Zucchini		6	27.43	9/27/2024	Sep	2024	NAFP
Vegetables	Yellow Squash		49	224.00	9/27/2024	Sep	2024	NAFP
Vegetables	Cherry Tomatoes		26	79.24	9/27/2024	Sep	2024	NAFP
Greens	Collards		25	133.33	9/27/2024	Sep	2024	NAFP
Vegetables	Peppers		12	36.23	9/27/2024	Sep	2024	NAFP
Vegetables	Beans		7	37.33	9/27/2024	Sep	2024	NAFP
Vegetables	Carrots		31	177.14	9/27/2024	Sep	2024	NAFP
Vegetables	Peppers		2	6.04	9/30/2024	Sep	2024	GRIN
Vegetables	Eggplant		1	4.57	9/30/2024	Sep	2024	GRIN
Vegetables	Cherry Tomatoes		15	45.71	9/30/2024	Sep	2024	GRIN
Vegetables	Yellow Squash		3	13.71	9/30/2024	Sep	2024	GRIN
Vegetables	Daikon Radish		53	282.67	9/30/2024	Sep	2024	GRIN
Vegetables	Beans		2	10.67	9/30/2024	Sep	2024	GRIN
Greens	Collards		14	74.67	9/30/2024	Sep	2024	GRIN
Vegetables	Kohlrabi		19	63.87	10/2/2024	Oct	2024	GRIN
Greens	Collards		28	149.33	10/2/2024	Oct	2024	GRIN
Vegetables	Peppers		52	156.98	10/2/2024	Oct	2024	GRIN
Vegetables	Yellow Squash		19	86.86	10/2/2024	Oct	2024	GRIN
Vegetables	Acorn Squash		2	4.41	10/2/2024	Oct	2024	GRIN
Vegetables	Zucchini		29	132.57	10/2/2024	Oct	2024	GRIN
Vegetables	Cucumbers		6	27.43	10/2/2024	Oct	2024	GRIN
Greens	Kale		5	26.67	10/2/2024	Oct	2024	GRIN
Greens	Cabbage		70	356.69	10/2/2024	Oct	2024	GRIN
Greens	Collards		14	74.67	10/4/2024	Oct	2024	GRIN
Greens	Swiss Chard		7	37.33	10/4/2024	Oct	2024	GRIN
Greens	Cabbage		40	203.82	10/4/2024	Oct	2024	GRIN
Vegetables	Yellow Squash		4	18.29	10/4/2024	Oct	2024	GRIN
Vegetables	Peppers		19	57.36	10/4/2024	Oct	2024	GRIN
Greens	Bok Choy		19	121.60	10/4/2024	Oct	2024	GRIN
Vegetables	Onions		12	36.23	10/4/2024	Oct	2024	GRIN
Vegetables	Eggplant		11	50.29	10/4/2024	Oct	2024	GRIN
Vegetables	Cherry Tomatoes		7	21.33	10/4/2024	Oct	2024	GRIN
Flowers	Flower bouquets	18	0	0.00	10/4/2024	Oct	2024	GRIN
Vegetables	Cherry Tomatoes		20	60.95	10/9/2024	Oct	2024	NAFP
Greens	Swiss Chard		3	16.00	10/9/2024	Oct	2024	NAFP
Greens	Collards		23	122.67	10/9/2024	Oct	2024	NAFP
Greens	Kale		11	58.67	10/9/2024	Oct	2024	NAFP
Vegetables	Daikon Radish		28	149.33	10/9/2024	Oct	2024	NAFP
Vegetables	Beans		15	80.00	10/9/2024	Oct	2024	NAFP
Vegetables	Zucchini		5	22.86	10/9/2024	Oct	2024	NAFP
Vegetables	Peppers		3	9.06	10/9/2024	Oct	2024	NAFP
Greens	Collards		12	64.00	10/11/2024	Oct	2024	Motherful
Vegetables	Cherry Tomatoes		11	33.52	10/11/2024	Oct	2024	Motherful
Vegetables	Beets		6	20.00	10/11/2024	Oct	2024	Motherful
Vegetables	Onions		5	15.09	10/11/2024	Oct	2024	Motherful
Vegetables	Radishes		11	58.67	10/11/2024	Oct	2024	Motherful
Vegetables	Spaghetti Squash		31	90.84	10/11/2024	Oct	2024	Motherful
Vegetables	Peppers		13	39.25	10/11/2024	Oct	2024	Motherful
Vegetables	Yellow Squash		19	86.86	10/11/2024	Oct	2024	Motherful
Greens	Swiss Chard		9	48.00	10/11/2024	Oct	2024	NAFP
Greens	Kale		17	90.67	10/11/2024	Oct	2024	NAFP
Vegetables	Cherry Tomatoes		19	57.90	10/11/2024	Oct	2024	NAFP
Vegetables	Radishes		25	133.33	10/11/2024	Oct	2024	NAFP
Vegetables	Beets		35	116.67	10/11/2024	Oct	2024	NAFP
Vegetables	Carrots		27	154.29	10/11/2024	Oct	2024	NAFP
Vegetables	Acorn Squash		44	97.10	10/11/2024	Oct	2024	NAFP
Vegetables	Beets		49	163.33	10/14/2024	Oct	2024	GRIN
Greens	Cabbage		81	412.74	10/14/2024	Oct	2024	GRIN
Vegetables	Radishes		41	218.67	10/14/2024	Oct	2024	GRIN
Greens	Swiss Chard		13	69.33	10/14/2024	Oct	2024	GRIN
Vegetables	Carrots		43	245.71	10/14/2024	Oct	2024	GRIN
Greens	Collards		28	149.33	10/14/2024	Oct	2024	GRIN
Vegetables	Eggplant		4	18.29	10/14/2024	Oct	2024	GRIN
Vegetables	Onions		18	54.34	10/14/2024	Oct	2024	GRIN
Vegetables	Peppers		6	18.11	10/14/2024	Oct	2024	GRIN
Vegetables	Spaghetti Squash		39	114.29	10/14/2024	Oct	2024	GRIN
Vegetables	Brussels Sprouts		15	77.40	10/14/2024	Oct	2024	GRIN
Greens	Kale		10	53.33	10/23/2024	Oct	2024	NAFP
Greens	Spinach		12	64.00	10/23/2024	Oct	2024	NAFP
Vegetables	Onions		11	33.21	10/23/2024	Oct	2024	NAFP
Vegetables	Spaghetti Squash		30	87.91	10/23/2024	Oct	2024	NAFP
Greens	Lettuce		83	442.67	10/23/2024	Oct	2024	NAFP
Vegetables	Daikon Radish		48	256.00	10/23/2024	Oct	2024	NAFP
Vegetables	Beets		6	20.00	10/23/2024	Oct	2024	NAFP
Vegetables	Carrots		41	234.29	10/23/2024	Oct	2024	NAFP
Greens	Kale		6	32.00	10/25/2024	Oct	2024	NAFP
Greens	Collards		41	218.67	10/25/2024	Oct	2024	NAFP
Greens	Spinach		9	48.00	10/25/2024	Oct	2024	NAFP
Vegetables	Carrots		49	280.00	10/25/2024	Oct	2024	NAFP
Vegetables	radishes		10	53.33	10/25/2024	Oct	2024	NAFP
Vegetables	Beets		6	20.00	10/25/2024	Oct	2024	NAFP
Greens	Lettuce		102	544.00	10/30/2024	Oct	2024	GRIN
Greens	Spinach		8	42.67	10/30/2024	Oct	2024	GRIN
Greens	Swiss Chard		2	10.67	10/30/2024	Oct	2024	GRIN
Greens	Kale		11	58.67	10/30/2024	Oct	2024	GRIN
Greens	Collards		15	80.00	10/30/2024	Oct	2024	GRIN
Vegetables	radishes		14	74.67	10/30/2024	Oct	2024	GRIN
Greens	Cabbage		12	61.15	10/30/2024	Oct	2024	GRIN
Vegetables	Brussels Sprouts		5	25.80	10/30/2024	Oct	2024	GRIN
Vegetables	Kohlrabi		13	43.70	10/30/2024	Oct	2024	GRIN
Vegetables	Carrots		47	268.57	10/30/2024	Oct	2024	GRIN
Vegetables	Butternut Squash		48	105.93	10/30/2024	Oct	2024	GRIN
Vegetables	Beets		10	33.33	10/30/2024	Oct	2024	GRIN
Greens	Collards		20	106.67	11/1/2024	Nov	2024	Motherful
Greens	Kale		4	21.33	11/1/2024	Nov	2024	Motherful
Greens	Spinach		7	37.33	11/1/2024	Nov	2024	Motherful
Greens	Lettuce		16	85.33	11/1/2024	Nov	2024	Motherful
Greens	Swiss Chard		4	21.33	11/1/2024	Nov	2024	Motherful
Greens	Spinach		14	74.67	11/4/2024	Nov	2024	GRIN
Vegetables	Carrots		24	137.14	11/4/2024	Nov	2024	GRIN
Herbs	Cilantro		1	32.00	11/4/2024	Nov	2024	GRIN
Greens	Lettuce		13	69.33	11/4/2024	Nov	2024	GRIN
Greens	Mustard Greens		4	12.00	11/4/2024	Nov	2024	GRIN
Greens	Kale		7	37.33	11/4/2024	Nov	2024	GRIN
Greens	Collards		27	144.00	11/4/2024	Nov	2024	GRIN
Greens	Kale		12	64.00	11/6/2024	Nov	2024	NAFP
Greens	Spinach		9	48.00	11/6/2024	Nov	2024	NAFP
Greens	Kale		3	16.00	11/8/2024	Nov	2024	NAFP
Greens	Spinach		7	37.33	11/8/2024	Nov	2024	NAFP
Greens	Lettuce		16	85.33	11/8/2024	Nov	2024	NAFP
Greens	Bok Choy		47	300.80	11/8/2024	Nov	2024	NAFP
Vegetables	Carrots		9	51.43	11/8/2024	Nov	2024	NAFP
Greens	Lettuce		17	90.67	11/8/2024	Nov	2024	GRIN
Greens	Bok Choy		57	364.80	11/8/2024	Nov	2024	GRIN
Vegetables	Carrots		10	57.14	11/8/2024	Nov	2024	GRIN
Vegetables	Daikon Radish		3	16.00	11/13/2024	Nov	2024	GRIN
Vegetables	Radishes		10	53.33	11/13/2024	Nov	2024	GRIN
Greens	Collards		20	106.67	11/13/2024	Nov	2024	GRIN
Greens	Kale		13	69.33	11/13/2024	Nov	2024	GRIN
Greens	Spinach		11	58.67	11/13/2024	Nov	2024	GRIN
Greens	Lettuce		9	48.00	11/15/2024	Nov	2024	Motherful
Greens	Collards		2	10.67	11/15/2024	Nov	2024	Motherful
Greens	Kale		4	21.33	11/15/2024	Nov	2024	Motherful
Greens	Bok Choy		13	83.20	11/15/2024	Nov	2024	Motherful
Greens	Collards		3	16.00	11/15/2024	Nov	2024	GRIN
Greens	Lettuce		15	80.00	11/15/2024	Nov	2024	GRIN
Greens	Kale		4	21.33	11/15/2024	Nov	2024	GRIN
Greens	Bok Choy		20	128.00	11/15/2024	Nov	2024	GRIN
Greens	Collards		24	128.00	11/18/2024	Nov	2024	GRIN
Greens	Mustard Greens		27	81.00	11/18/2024	Nov	2024	GRIN
Greens	Collards		24	128.00	11/18/2024	Nov	2024	GRIN
Vegetables	Radishes		15	80.00	11/18/2024	Nov	2024	GRIN
Greens	Bok Choy		91	582.40	11/18/2024	Nov	2024	GRIN
Vegetables	Onions		22	66.42	11/18/2024	Nov	2024	GRIN
Greens	Lettuce		19	101.33	11/18/2024	Nov	2024	GRIN
Greens	Kale		24	128.00	11/18/2024	Nov	2024	GRIN
Vegetables	Turnips		2	7.11	11/18/2024	Nov	2024	GRIN
Greens	Mixed Greens		49	261.33	11/20/2024	Nov	2024	NAFP
Greens	Swiss Chard		30	160.00	11/20/2024	Nov	2024	NAFP
Greens	Kale		30	160.00	11/20/2024	Nov	2024	NAFP
Greens	Spinach		16	85.33	11/20/2024	Nov	2024	NAFP
Herbs	Cilantro		4	128.00	11/20/2024	Nov	2024	NAFP
Vegetables	Butternut Squash		18	39.72	11/20/2024	Nov	2024	NAFP
Vegetables	Radishes		17	90.67	11/20/2024	Nov	2024	NAFP
Greens	Mixed Greens		24	128.00	11/20/2024	Nov	2024	Motherful
Vegetables	Butternut Squash		6	13.24	11/20/2024	Nov	2024	Motherful
Greens	Kale		33	176.00	11/25/2024	Nov	2024	GRIN
Greens	Collards		31	165.33	11/25/2024	Nov	2024	GRIN
Greens	Swiss Chard		5	26.67	11/25/2024	Nov	2024	GRIN
Greens	Mixed Greens		24	128.00	11/25/2024	Nov	2024	GRIN
Greens	Spinach		31	165.33	11/25/2024	Nov	2024	GRIN
Greens	Lettuce		26	138.67	11/25/2024	Nov	2024	GRIN
Herbs	Cilantro		12	384.00	11/25/2024	Nov	2024	GRIN
Greens	Lettuce		20	106.67	12/3/2024	Dec	2024	NAFP
Greens	Spinach		9	48.00	12/3/2024	Dec	2024	NAFP
Greens	Swiss Chard		8	42.67	12/4/2024	Dec	2024	NAFP
Greens	Mixed Greens		11	58.67	12/4/2024	Dec	2024	NAFP
Greens	Bok Choy		18	115.20	12/4/2024	Dec	2024	NAFP
Greens	Kale		4.5	24.00	12/4/2024	Dec	2024	NAFP
Greens	Kale		4.5	24.00	12/4/2024	Dec	2024	GRIN
Greens	Kale		4.5	24.00	12/9/2024	Dec	2024	GRIN
Greens	Lettuce		28	149.33	12/9/2024	Dec	2024	GRIN
Greens	Collards		16	85.33	12/9/2024	Dec	2024	GRIN
Greens	Spinach		10	53.33	12/9/2024	Dec	2024	GRIN
Greens	Spinach		16	85.33	12/11/2024	Dec	2024	GRIN
Greens	Kale		8	42.67	12/18/2024	Dec	2024	GRIN
Greens	Spinach		14	74.67	12/18/2024	Dec	2024	GRIN
Greens	Lettuce		10	53.33	12/18/2024	Dec	2024	GRIN
Greens	Collards		11	58.67	12/18/2024	Dec	2024	GRIN
Greens	Bok Choy		3	19.20	12/18/2024	Dec	2024	GRIN
Greens	Kale		8	42.67	12/18/2024	Dec	2024	NAFP
Greens	Spinach		14	74.67	12/18/2024	Dec	2024	NAFP
Greens	Lettuce		10	53.33	12/18/2024	Dec	2024	NAFP
Greens	Collards		11	58.67	12/18/2024	Dec	2024	NAFP
Greens	Bok Choy		3	19.20	12/18/2024	Dec	2024	NAFP
Greens	Swiss Chard		1.1	5.87	1/4/2025	Jan	2025	GRIN
Greens	Spinach		6	32.00	1/4/2025	Jan	2025	GRIN
Herbs	Cilantro		1	32.00	1/4/2025	Jan	2025	GRIN
Greens	Mixed Greens		21	112.00	1/4/2025	Jan	2025	GRIN
Greens	Collards		16	85.33	1/17/2025	Jan	2025	GRIN
Greens	Mixed Greens		43	229.33	1/17/2025	Jan	2025	GRIN
Greens	Spinach		9	48.00	1/17/2025	Jan	2025	GRIN
Greens	Swiss Chard		1	5.33	1/17/2025	Jan	2025	GRIN
Vegetables	Spaghetti Squash		7	20.51	1/17/2025	Jan	2025	GRIN
Herbs	Cilantro		0.5	16.00	1/17/2025	Jan	2025	GRIN
Greens	Bok Choy		6	38.40	1/17/2025	Jan	2025	GRIN
Greens	Kale		8	42.67	1/17/2025	Jan	2025	GRIN
Greens	Mixed Greens		33	176.00	2/10/2025	Feb	2025	GRIN
Greens	Spinach		5.5	29.33	2/10/2025	Feb	2025	GRIN
Greens	Swiss Chard		5.5	29.33	2/10/2025	Feb	2025	GRIN
Greens	Lettuce		5	26.67	2/10/2025	Feb	2025	GRIN
Greens	Kale		31	165.33	2/26/2025	Feb	2025	GRIN
Greens	Collards		32	170.67	2/26/2025	Feb	2025	GRIN
Greens	Mixed Greens		18	96.00	2/26/2025	Feb	2025	GRIN
Greens	Lettuce		30	160.00	4/22/2025	Apr	2025	Broad St
Vegetables	Radishes		15.5	82.67	4/22/2025	Apr	2025	Broad St
Greens	Lettuce		30	160.00	4/21/2025	Apr	2025	GRIN
Vegetables	Radishes		28	149.33	4/21/2025	Apr	2025	GRIN
Greens	Lettuce		30	160.00	4/23/2025	Apr	2025	NAFP
Vegetables	Radishes		14	74.67	4/23/2025	Apr	2025	NAFP
Greens	Lettuce		34	181.33	4/23/2025	Apr	2025	Market Street
Greens	Lettuce		60	320.00	4/28/2025	Apr	2025	GRIN
Vegetables	Radishes		42	224.00	4/28/2025	Apr	2025	GRIN
Greens	Lettuce		44	234.67	4/30/2025	Apr	2025	GRIN
Greens	Lettuce		32	170.67	4/30/2025	Apr	2025	Broad St
Greens	Arugula		8	42.67	4/30/2025	Apr	2025	Broad St
Greens	Arugula		8	42.67	4/30/2025	Apr	2025	Market Street
Greens	Lettuce		75	400.00	4/30/2025	Apr	2025	Market Street
Greens	Lettuce		26	138.67	5/1/2025	May	2025	Faith Care
Greens	Lettuce		10	53.33	5/1/2025	May	2025	Northridge
Greens	Lettuce		102	544.00	5/2/2025	May	2025	Market Street
Greens	Lettuce		10	53.33	5/2/2025	May	2025	Market Street
Greens	Kale		2	10.67	5/2/2025	May	2025	Motherful
Greens	Spinach		2	10.67	5/2/2025	May	2025	Motherful
Vegetables	Radishes		10	53.33	5/2/2025	May	2025	Motherful
Vegetables	Radishes		49	261.33	5/2/2025	May	2025	GRIN
Greens	Lettuce		45	240.00	5/2/2025	May	2025	GRIN
Greens	Spinach		9	48.00	5/2/2025	May	2025	GRIN
Greens	Kale		15	80.00	5/2/2025	May	2025	GRIN
Greens	Lettuce		124	661.33	5/6/2025	May	2025	Broad St
Greens	Spinach		7	37.33	5/7/2025	May	2025	GRIN
Greens	Swiss Chard		19	101.33	5/7/2025	May	2025	GRIN
Greens	Kale		22	117.33	5/7/2025	May	2025	GRIN
Greens	Lettuce		40	213.33	5/7/2025	May	2025	GRIN
Vegetables	Turnips		23	81.78	5/7/2025	May	2025	GRIN
Vegetables	Radishes		15	80.00	5/7/2025	May	2025	GRIN
Vegetables	Onions		4	12.08	5/7/2025	May	2025	GRIN
Greens	Lettuce		35	186.67	5/9/2025	May	2025	Motherful
Greens	Lettuce		15	80.00	5/8/2025	May	2025	Northridge
Vegetables	Radishes		15	80.00	5/8/2025	May	2025	Northridge
Greens	Swiss Chard		7	37.33	5/8/2025	May	2025	Faith Care
Greens	Lettuce		5	26.67	5/8/2025	May	2025	Faith Care
Vegetables	Radishes		8	42.67	5/8/2025	May	2025	Faith Care
Greens	Lettuce		105	560.00	5/9/2025	May	2025	Market Street
Vegetables	Zucchini		99	452.57	5/12/2025	May	2025	GRIN
Vegetables	Peppers		76	229.43	5/12/2025	May	2025	GRIN
Vegetables	Potatoes		106	278.03	5/12/2025	May	2025	GRIN
Vegetables	Sweet Potatoes		176	612.17	5/12/2025	May	2025	GRIN
Vegetables	Onions		109	329.06	5/12/2025	May	2025	GRIN
Greens	Lettuce		30	160.00	5/12/2025	May	2025	Bags
Vegetables	Zucchini		33	150.86	5/12/2025	May	2025	Bags
Vegetables	Peppers		31	93.58	5/12/2025	May	2025	Bags
Vegetables	Potatoes		44	115.41	5/12/2025	May	2025	Bags
Vegetables	Sweet Potatoes		62	215.65	5/12/2025	May	2025	Bags
Vegetables	Onions		39	117.74	5/12/2025	May	2025	Bags
Greens	Lettuce		62	330.67	5/14/2025	May	2025	Market Street
Greens	Kale		52	277.33	5/15/2025	May	2025	Broad St
Greens	Lettuce		10	53.33	5/15/2025	May	2025	Broad St
Greens	Spinach		10	53.33	5/14/2025	May	2025	NAFP
Vegetables	Radishes		14	74.67	5/14/2025	May	2025	NAFP
Greens	Lettuce		17	90.67	5/14/2025	May	2025	NAFP
Greens	Kale		75	400.00	5/14/2025	May	2025	NAFP
Greens	Swiss Chard		17	90.67	5/14/2025	May	2025	NAFP
Greens	Lettuce		52	277.33	5/16/2025	May	2025	NAFP
Greens	Lettuce		25	133.33	5/19/2025	May	2025	GRIN
Greens	Kale		9	48.00	5/19/2025	May	2025	GRIN
Greens	Lettuce		26	138.67	5/19/2025	May	2025	Broad St
Greens	Lettuce		41	218.67	5/28/2025	May	2025	Market Street
Greens	Lettuce		50	266.67	5/28/2025	May	2025	NAFP
Greens	Kale		15	80.00	5/28/2025	May	2025	NAFP
Vegetables	Radishes		32	170.67	5/28/2025	May	2025	NAFP
Greens	Lettuce		27	144.00	5/29/2025	May	2025	Broad St
Vegetables	Onions		57	172.08	5/30/2025	May	2025	NAFP
Greens	Lettuce		29	154.67	6/2/2025	Jun	2025	Broad St
Greens	Lettuce		10	53.33	6/2/2025	Jun	2025	GRIN
Fruit	Strawberries		10	38.10	6/2/2025	Jun	2025	GRIN
Vegetables	Turnips		53	188.44	6/2/2025	Jun	2025	GRIN
Vegetables	Carrots		31	177.14	6/9/2025	Jun	2025	Broad St
Greens	Lettuce		29	154.67	6/9/2025	Jun	2025	Broad St
Greens	Lettuce		39	208.00	6/11/2025	Jun	2025	Market Street
Herbs	Garlic Scapes		5	266.67	6/11/2025	Jun	2025	Market Street
Vegetables	Daikon Radish		78	416.00	6/11/2025	Jun	2025	NAFP
Herbs	Garlic Scapes		7	373.33	6/11/2025	Jun	2025	NAFP
Greens	Lettuce		72	384.00	6/11/2025	Jun	2025	NAFP
Vegetables	Peas		30	137.14	6/11/2025	Jun	2025	NAFP
Vegetables	Cucumbers		125	571.43	6/11/2025	Jun	2025	NAFP
Fruit	Strawberries		6	22.86	6/11/2025	Jun	2025	NAFP
Vegetables	Daikon Radish		57	304.00	6/12/2025	Jun	2025	Broad St
Herbs	Garlic Scapes		7	373.33	6/12/2025	Jun	2025	Broad St
Greens	Lettuce		38	202.67	6/13/2025	Jun	2025	GRIN
Herbs	Garlic Scapes		4	213.33	6/13/2025	Jun	2025	GRIN
Greens	Lettuce		40	213.33	6/12/2025	Jun	2025	Bags
Herbs	Garlic Scapes		4	213.33	6/12/2025	Jun	2025	Bags
Greens	Lettuce		14	74.67	6/12/2025	Jun	2025	Northridge
Herbs	Garlic Scapes		4	213.33	6/12/2025	Jun	2025	Northridge
Greens	Lettuce		15	80.00	6/12/2025	Jun	2025	Faith Care
Herbs	Garlic Scapes		4	213.33	6/12/2025	Jun	2025	Faith Care
Vegetables	Carrots		88	502.86	6/16/2025	Jun	2025	GRIN
Vegetables	Cucumbers		45	205.71	6/16/2025	Jun	2025	GRIN
Greens	Lettuce		95	506.67	6/16/2025	Jun	2025	GRIN
Vegetables	Onions		23	69.43	6/16/2025	Jun	2025	GRIN
Herbs	Garlic Scapes		7	373.33	6/16/2025	Jun	2025	GRIN
Vegetables	Carrots		39	222.86	6/16/2025	Jun	2025	GRIN
Vegetables	Peas		35	160.00	6/16/2025	Jun	2025	GRIN
Vegetables	Cucumbers		69	315.43	6/16/2025	Jun	2025	GRIN
Greens	Lettuce		52	277.33	6/18/2025	Jun	2025	Broad St
Greens	Lettuce		48	256.00	6/17/2025	Jun	2025	Market Street
Fruit	Raspberries		5	18.43	6/18/2025	Jun	2025	Market Street
Greens	Kale		2	10.67	6/18/2025	Jun	2025	Bags
Vegetables	Peas		3	13.71	6/18/2025	Jun	2025	Bags
Fruit	Raspberries		1	3.69	6/18/2025	Jun	2025	Bags
Greens	Swiss Chard		2	10.67	6/18/2025	Jun	2025	Bags
Greens	Lettuce		18	96.00	6/17/2025	Jun	2025	Northridge
Fruit	Raspberries		1	3.69	6/17/2025	Jun	2025	Northridge
Vegetables	Peas		5	22.86	6/17/2025	Jun	2025	Northridge
Greens	Swiss Chard		4	21.33	6/17/2025	Jun	2025	Northridge
Fruit	Raspberries		1.5	5.53	6/19/2025	Jun	2025	Faith Care
Greens	Swiss chard		5	26.67	6/19/2025	Jun	2025	Faith Care
Greens	Kale		6	32.00	6/19/2025	Jun	2025	Faith Care
Greens	Lettuce		13	69.33	6/19/2025	Jun	2025	Faith Care
Vegetables	Peas		3	13.71	6/19/2025	Jun	2025	Faith Care
Greens	Lettuce		12	64.00	6/19/2025	Jun	2025	Market Street
Greens	Swiss Chard		6	32.00	6/19/2025	Jun	2025	Market Street
Fruit	Raspberries		2	7.37	6/19/2025	Jun	2025	Faith Care
Fruit	Blueberries		3	9.20	6/19/2025	Jun	2025	Faith Care
Greens	Lettuce		9	48.00	6/19/2025	Jun	2025	NOrthridge
Greens	Lettuce		44	234.67	6/20/2025	Jun	2025	Market Street
Greens	Lettuce		135	720.00	6/20/2025	Jun	2025	GRIN
Vegetables	Cucumbers		79	361.14	6/20/2025	Jun	2025	GRIN
Vegetables	Peas		13	59.43	6/20/2025	Jun	2025	GRIN
Greens	Lettuce		20	106.67	6/20/2025	Jun	2025	Motherful
Vegetables	Cucumbers		14	64.00	6/20/2025	Jun	2025	Motherful
Vegetables	Peas		4	18.29	6/20/2025	Jun	2025	Motherful
Greens	Lettuce		70	373.33	6/20/2025	Jun	2025	Broad St
Greens	Lettuce		6	32.00	6/23/2025	Jun	2025	Bags
Vegetables	Peas		2	9.14	6/23/2025	Jun	2025	Bags
Vegetables	Cucumbers		10	45.71	6/23/2025	Jun	2025	Bags
Vegetables	Daikon Radish		14	74.67	6/23/2025	Jun	2025	Bags
Vegetables	Cucumbers		8	36.57	6/26/2025	Jun	2025	Northridge
Vegetables	Peas		4	18.29	6/26/2025	Jun	2025	Northridge
Greens	Lettuce		13	69.33	6/26/2025	Jun	2025	Northridge
Fruit	Raspberries	4.5	2	7.37	6/26/2025	Jun	2025	Northridge
Vegetables	Cucumbers		20	91.43	6/25/2025	Jun	2025	Market Street
Vegetables	Peas		11	50.29	6/25/2025	Jun	2025	Market Street
Greens	Lettuce		47	250.67	6/25/2025	Jun	2025	Market Street
Vegetables	Radishes		10	53.33	6/25/2025	Jun	2025	Market Street
Fruit	Raspberries	8.5	4	14.75	6/25/2025	Jun	2025	Market Street
Vegetables	Cucumbers		15	68.57	6/26/2025	Jun	2025	Faith Care
Vegetables	Peas		10	45.71	6/26/2025	Jun	2025	Faith Care
Vegetables	Radishes		8	42.67	6/26/2025	Jun	2025	Faith Care
Greens	Lettuce		14	74.67	6/26/2025	Jun	2025	Faith Care
Fruit	Raspberries	5.5	4	14.75	6/26/2025	Jun	2025	Faith Care
Vegetables	Peas		4	18.29	6/23/2025	Jun	2025	NAFP
Vegetables	Daikon Radish		61	325.33	6/23/2025	Jun	2025	NAFP
Vegetables	Cucumbers		164	749.71	6/23/2025	Jun	2025	NAFP
Greens	Lettuce		75	400.00	6/23/2025	Jun	2025	NAFP
Greens	Lettuce		13	69.33	6/26/2025	Jun	2025	Faith Care
Vegetables	Cucumbers		32	146.29	6/26/2025	Jun	2025	Faith Care
Greens	Lettuce		34	181.33	6/27/2025	Jun	2025	Market Street
Vegetables	Radishes		8	42.67	6/27/2025	Jun	2025	Market Street
Vegetables	Peas		8	36.57	6/27/2025	Jun	2025	Market Street
Fruit	Raspberries		3	11.06	6/27/2025	Jun	2025	Market Street
Herbs	Basil		1	32.00	6/27/2025	Jun	2025	Market Street
Greens	Swiss Chard		2	10.67	6/27/2025	Jun	2025	Market Street
Greens	Kale		5	26.67	6/27/2025	Jun	2025	Market Street
Vegetables	Cucumbers		58	265.14	6/27/2025	Jun	2025	Market Street
Vegetables	Peas		7	32.00	6/27/2025	Jun	2025	NAFP
Vegetables	Daikon Radish		12	64.00	6/27/2025	Jun	2025	NAFP
Greens	Lettuce		101	538.67	6/27/2025	Jun	2025	NAFP
Vegetables	Yellow Squash		23	105.14	6/27/2025	Jun	2025	NAFP
Vegetables	Cucumbers		129	589.71	6/27/2025	Jun	2025	NAFP
Vegetables	Yellow Squash		80	365.71	6/30/2025	Jun	2025	Broad St
Vegetables	Cucumbers		23	105.14	6/30/2025	Jun	2025	Broad St
Vegetables	Carrots		81	462.86	6/30/2025	Jun	2025	Broad St
Greens	Lettuce		12	64.00	6/30/2025	Jun	2025	Other
Vegetables	Yellow Squash		2	9.14	6/30/2025	Jun	2025	Other
Vegetables	Carrots		14	80.00	6/30/2025	Jun	2025	Market Street
Greens	Lettuce		68	362.67	6/30/2025	Jun	2025	Market Street
Vegetables	Yellow Squash		19	86.86	6/30/2025	Jun	2025	Market Street
Greens	Lettuce		12	64.00	6/30/2025	Jun	2025	Faith Care
Vegetables	Cucumbers		140	640.00	6/30/2025	Jun	2025	NAFP
Vegetables	Yellow Squash		17	77.71	6/30/2025	Jun	2025	Bags
Vegetables	Cucumbers		12	54.86	6/30/2025	Jun	2025	Bags
Greens	Lettuce		14	74.67	6/30/2025	Jun	2025	Bags
Greens	Lettuce		78	416.00	6/30/2025	Jun	2025	GRIN
Vegetables	Cucumbers		76	347.43	6/30/2025	Jun	2025	GRIN
Vegetables	Yellow Squash		95	434.29	6/30/2025	Jun	2025	GRIN
Greens	Lettuce		12	64.00	7/1/2025	Jul	2025	Broad St
Fruit	Raspberries	24	9.6	35.39	7/1/2025	Jul	2025	Broad St
Fruit	Raspberries	2	0.8	2.95	7/1/2025	Jul	2025	Market Street
Greens	Lettuce		153	816.00	7/2/2025	Jul	2025	FPN Brice
Greens	Bok Choy		7	44.80	7/2/2025	Jul	2025	FPN Brice
Vegetables	Cucumbers		30	137.14	7/2/2025	Jul	2025	FPN Brice
Vegetables	Yellow Squash		15	68.57	7/2/2025	Jul	2025	FPN Brice
Vegetables	Eggplant		5	22.86	7/2/2025	Jul	2025	Market Street
Vegetables	Peppers		5	15.09	7/2/2025	Jul	2025	Market Street
Vegetables	Yellow Squash		79	361.14	7/2/2025	Jul	2025	Market Street
Fruit	Raspberries	2.5	1	3.69	7/2/2025	Jul	2025	Market Street
Vegetables	Eggplant		3	13.71	7/3/2025	Jul	2025	Faith Care
Vegetables	Peppers		5	15.09	7/3/2025	Jul	2025	Faith Care
Vegetables	Yellow Squash		55	251.43	7/3/2025	Jul	2025	Faith Care
Fruit	Raspberries	3.5	1.4	5.16	7/3/2025	Jul	2025	Faith Care
Vegetables	Yellow Squash		22	100.57	7/3/2025	Jul	2025	Northridge
Vegetables	Peppers		2	6.04	7/3/2025	Jul	2025	Northridge
Vegetables	Eggplant		3	13.71	7/3/2025	Jul	2025	Northridge
Fruit	Raspberries	2.5	1	3.69	7/3/2025	Jul	2025	Northridge
Vegetables	Yellow Squash		1.7	7.77	7/3/2025	Jul	2025	Other
Vegetables	Zucchini		1.3	5.94	7/3/2025	Jul	2025	Other
Vegetables	Cucumbers		6.35	29.03	7/3/2025	Jul	2025	Other
Fruit	Raspberries	2	0.8	2.95	7/3/2025	Jul	2025	Other
Vegetables	Eggplant		1	4.57	7/3/2025	Jul	2025	Other
Vegetables	Peppers		1	3.02	7/3/2025	Jul	2025	Other
Fruit	Raspberries	18	7.2	26.54	7/6/2025	Jul	2025	Broad St
Vegetables	Okra		8	36.57	7/6/2025	Jul	2025	Broad St
Vegetables	Cucumbers		161	736.00	7/6/2025	Jul	2025	GRIN
Vegetables	Yellow Squash		44	201.14	7/6/2025	Jul	2025	GRIN
Greens	Cabbage		89	453.50	7/6/2025	Jul	2025	GRIN
Greens	Cabbage		8	40.76	7/7/2025	Jul	2025	Bags
Vegetables	Carrots		3	17.14	7/7/2025	Jul	2025	Bags
Vegetables	Eggplant		3	13.71	7/7/2025	Jul	2025	Bags
Vegetables	Peppers		5	15.09	7/7/2025	Jul	2025	Bags
Vegetables	Zucchini		8	36.57	7/7/2025	Jul	2025	Bags
Vegetables	Yellow Squash		10	45.71	7/7/2025	Jul	2025	Bags
Vegetables	Cucumbers		4	18.29	7/7/2025	Jul	2025	Bags
Fruit	Raspberries	7	2.8	10.32	7/7/2025	Jul	2025	Broad St
Vegetables	Yellow Squash		26	118.86	7/7/2025	Jul	2025	Broad St
Vegetables	Okra		10	45.71	7/7/2025	Jul	2025	Broad St
Vegetables	Yellow Squash		100	457.14	7/7/2025	Jul	2025	Broad St
Greens	Cabbage		84	428.03	7/7/2025	Jul	2025	Broad St
Greens	Kale		10	53.33	7/9/2025	Jul	2025	Market Street
Vegetables	Yellow Squash		107	489.14	7/9/2025	Jul	2025	Market Street
Vegetables	Zucchini		13	59.43	7/9/2025	Jul	2025	Market Street
Greens	Cabbage		55	280.25	7/9/2025	Jul	2025	Market Street
Greens	Collards		7	37.33	7/9/2025	Jul	2025	Market Street
Vegetables	Cucumbers		14	64.00	7/9/2025	Jul	2025	Market Street
Greens	Cabbage		41	208.92	7/9/2025	Jul	2025	Market Street
Greens	Kale	132	76	405.33	7/9/2025	Jul	2025	NAFP
Greens	Collards		58	309.33	7/9/2025	Jul	2025	NAFP
Vegetables	Eggplant		87	397.71	7/9/2025	Jul	2025	NAFP
Vegetables	Peppers		91	274.72	7/9/2025	Jul	2025	NAFP
Greens	Cabbage		75	382.17	7/9/2025	Jul	2025	NAFP
Vegetables	Yellow Squash		90	411.43	7/9/2025	Jul	2025	NAFP
Vegetables	Cucumbers		90	411.43	7/9/2025	Jul	2025	NAFP
Greens	Kale		30	160.00	7/9/2025	Jul	2025	NAFP
Vegetables	Eggplant		44	201.14	7/10/2025	Jul	2025	Other
Vegetables	Cucumbers		5	22.86	7/10/2025	Jul	2025	Other
Vegetables	Tomatoes		4	10.08	7/10/2025	Jul	2025	Other
Vegetables	Yellow Squash		72	329.14	7/10/2025	Jul	2025	GRIN
Greens	Kale		66	352.00	7/10/2025	Jul	2025	GRIN
Vegetables	Cucumbers		37	169.14	7/10/2025	Jul	2025	GRIN
Vegetables	Yellow Squash		90	411.43	7/10/2025	Jul	2025	NAFP
Vegetables	Cucumbers		90	411.43	7/10/2025	Jul	2025	NAFP
Greens	Collards		82	437.33	7/10/2025	Jul	2025	NAFP
Vegetables	Peppers		36	108.68	7/10/2025	Jul	2025	NAFP
Vegetables	Eggplant		43	196.57	7/10/2025	Jul	2025	NAFP
Vegetables	Carrots		182	1,040.00	7/10/2025	Jul	2025	Broad St
Fruit	Raspberries	33	12	44.24	7/10/2025	Jul	2025	Broad St
Vegetables	Yellow Squash		51	233.14	7/10/2025	Jul	2025	GRIN
Vegetables	Cucumbers		98	448.00	7/10/2025	Jul	2025	GRIN
Greens	Collards		60	320.00	7/10/2025	Jul	2025	Market Street
Vegetables	Cucumbers		40	182.86	7/10/2025	Jul	2025	Market Street
Vegetables	Yellow Squash		72	329.14	7/10/2025	Jul	2025	Market Street
Greens	Cabbage		27	137.58	7/10/2025	Jul	2025	Market Street
Vegetables	Cherry Tomatoes		12	36.57	7/14/2025	Jul	2025	Broad St
Fruit	Raspberries	9	3.6	13.27	7/14/2025	Jul	2025	Broad St
Vegetables	Okra		8.5	38.86	7/14/2025	Jul	2025	Broad St
Vegetables	Cucumbers		84	384.00	7/14/2025	Jul	2025	GRIN
Vegetables	Yellow Squash		128	585.14	7/14/2025	Jul	2025	GRIN
Greens	Collards		25	133.33	7/14/2025	Jul	2025	GRIN
Vegetables	Peppers		2	6.04	7/14/2025	Jul	2025	GRIN
Vegetables	Yellow Squash		5	22.86	7/14/2025	Jul	2025	Bags
Vegetables	Cucumbers		6	27.43	7/14/2025	Jul	2025	Bags
Vegetables	Eggplant		4	18.29	7/14/2025	Jul	2025	Bags
Vegetables	Tomatoes		4	10.08	7/14/2025	Jul	2025	Bags
Vegetables	Peppers		5	15.09	7/14/2025	Jul	2025	Bags
Greens	Collards		3	16.00	7/14/2025	Jul	2025	Bags
Fruit	Raspberries	2	1	3.69	7/14/2025	Jul	2025	Bags
Fruit	Raspberries	12	5	18.43	7/16/2025	Jul	2025	Market Street
Vegetables	Cucumbers		17	77.71	7/16/2025	Jul	2025	Market Street
Vegetables	Okra		9	41.14	7/16/2025	Jul	2025	Market Street
Greens	Collards		22	117.33	7/16/2025	Jul	2025	Market Street
Vegetables	Cherry Tomatoes		5	15.24	7/16/2025	Jul	2025	Market Street
Vegetables	Peppers		6	18.11	7/16/2025	Jul	2025	Market Street
Greens	Lettuce		9.18	48.96	7/16/2025	Jul	2025	GRIN
Greens	Collards		4.7	25.07	7/16/2025	Jul	2025	GRIN
Greens	Kale		7.39	39.41	7/16/2025	Jul	2025	GRIN
Vegetables	Peppers		6.7	20.23	7/16/2025	Jul	2025	GRIN
Vegetables	Tomatillos		0.79	2.69	7/16/2025	Jul	2025	GRIN
Vegetables	Cucumbers		81.29	371.61	7/16/2025	Jul	2025	GRIN
Vegetables	Yellow Squash		17.34	79.27	7/16/2025	Jul	2025	GRIN
Vegetables	Eggplant		4.34	19.84	7/16/2025	Jul	2025	GRIN
Herbs	Basil		4	128.00	7/16/2025	Jul	2025	GRIN
Vegetables	Cucumbers		33	150.86	7/18/2025	Jul	2025	GRIN
Herbs	Basil		4	128.00	7/18/2025	Jul	2025	GRIN
Vegetables	Tomatoes		20	50.39	7/18/2025	Jul	2025	GRIN
Vegetables	Yellow Squash		102	466.29	7/18/2025	Jul	2025	GRIN
Greens	Collards		32	170.67	7/18/2025	Jul	2025	GRIN
Vegetables	Eggplant		94	429.71	7/18/2025	Jul	2025	GRIN
Vegetables	Peppers		24	72.45	7/18/2025	Jul	2025	GRIN
Vegetables	Yellow Squash		213	973.71	7/18/2025	Jul	2025	NAFP
Vegetables	Yellow Squash		2.5	11.43	7/18/2025	Jul	2025	Other
Vegetables	Peppers		2.5	7.55	7/18/2025	Jul	2025	Other
Vegetables	Cherry Tomatoes		1.5	4.57	7/18/2025	Jul	2025	Other
Vegetables	Eggplant		4	18.29	7/18/2025	Jul	2025	Other
Vegetables	Tomatoes		2	5.04	7/18/2025	Jul	2025	Other
Vegetables	Cucumbers		5	22.86	7/18/2025	Jul	2025	Other
Vegetables	Tomatoes		5	12.60	7/18/2025	Jul	2025	Other
Greens	Lettuce		20	106.67	7/18/2025	Jul	2025	Broad St
Vegetables	Cucumbers		61	278.86	7/18/2025	Jul	2025	Broad St
Vegetables	Peppers		70	211.32	7/18/2025	Jul	2025	Broad St
Vegetables	Tomatoes		28	70.55	7/18/2025	Jul	2025	Broad St
Vegetables	Yellow Squash		67	306.29	7/18/2025	Jul	2025	Broad St
Vegetables	Garlic		7	224.00	7/18/2025	Jul	2025	Broad St
Vegetables	Eggplant		65	297.14	7/18/2025	Jul	2025	Broad St
Greens	Collards		31	165.33	7/18/2025	Jul	2025	Broad St
Flowers	Flower Bouquets	20	0	0.00	7/10/2025	Jul	2025	Farmer's Market
Flowers	Flower Bouquets	15	0	0.00	7/18/2025	Jul	2025	Broad St
Greens	Lettuce		6	32.00	7/19/2025	Jul	2025	Broad St
Greens	Kale		5	26.67	7/19/2025	Jul	2025	Broad St
Fruit	Raspberries	24	10	36.87	7/19/2025	Jul	2025	Broad St
Vegetables	Cherry Tomatoes		8	24.38	7/19/2025	Jul	2025	Broad St
Greens	Lettuce		6	32.00	7/21/2025	Jul	2025	GRIN
Vegetables	Yellow Squash		25	114.29	7/21/2025	Jul	2025	GRIN
Vegetables	Cucumbers		37	169.14	7/21/2025	Jul	2025	GRIN
Greens	Collards		10	53.33	7/21/2025	Jul	2025	GRIN
Greens	Collards		2	10.67	7/21/2025	Jul	2025	Bags
Vegetables	Garlic		1	32.00	7/21/2025	Jul	2025	Bags
Vegetables	Eggplant		2	9.14	7/21/2025	Jul	2025	Bags
Vegetables	Yellow Squash		13	59.43	7/21/2025	Jul	2025	Bags
Greens	Lettuce		4	21.33	7/21/2025	Jul	2025	Bags
Vegetables	Peppers		1.14	3.44	7/21/2025	Jul	2025	Bags
Vegetables	Cucumbers		10.23	46.77	7/21/2025	Jul	2025	Bags
Vegetables	Tomatoes		9	22.68	7/23/2025	Jul	2025	Northridge
Vegetables	Eggplant		4	18.29	7/23/2025	Jul	2025	Northridge
Vegetables	Zucchini		8	36.57	7/23/2025	Jul	2025	Northridge
Greens	Collards		4	21.33	7/23/2025	Jul	2025	Northridge
Greens	Kale		2	10.67	7/23/2025	Jul	2025	Northridge
Vegetables	Garlic		1	32.00	7/23/2025	Jul	2025	Northridge
Vegetables	Tomatoes		15	37.80	7/23/2025	Jul	2025	Faith Care
Vegetables	Zucchini		5	22.86	7/23/2025	Jul	2025	Faith Care
Vegetables	Yellow Squash		5	22.86	7/23/2025	Jul	2025	Faith Care
Vegetables	Eggplant		4	18.29	7/23/2025	Jul	2025	Faith Care
Greens	Collards		4	21.33	7/23/2025	Jul	2025	Faith Care
Greens	Kale		5	26.67	7/23/2025	Jul	2025	GRIN
Vegetables	Cucumbers		14	64.00	7/23/2025	Jul	2025	GRIN
Vegetables	Okra		22	100.57	7/22/2025	Jul	2025	Broad St
Fruit	Raspberries	22	8.8	32.44	7/22/2025	Jul	2025	Broad St
Vegetables	Cherry Tomatoes		32	97.52	7/22/2025	Jul	2025	Broad St
Greens	Kale		13	69.33	7/23/2025	Jul	2025	GRIN
Vegetables	Cucumbers		14	64.00	7/23/2025	Jul	2025	Market Street
Greens	Collards		10	53.33	7/23/2025	Jul	2025	GRIN
Vegetables	Tomatoes		35	88.19	7/23/2025	Jul	2025	Market Street
Vegetables	Yellow Squash		23	105.14	7/23/2025	Jul	2025	Market Street
Vegetables	Eggplant		13	59.43	7/23/2025	Jul	2025	Market Street
Vegetables	Tomatillos		1	3.40	7/23/2025	Jul	2025	Market Street
Vegetables	Garlic		2	64.00	7/23/2025	Jul	2025	Market Street
Vegetables	Tomatoes		2	5.04	7/23/2025	Jul	2025	Other
Vegetables	Eggplant		2	9.14	7/23/2025	Jul	2025	Other
Vegetables	Peppers		2	6.04	7/23/2025	Jul	2025	Other
Vegetables	Cherry Tomatoes		3	9.14	7/23/2025	Jul	2025	Faith Care
Vegetables	Cucumbers		95	434.29	7/23/2025	Jul	2025	NAFP
Vegetables	Yellow Squash		131	598.86	7/23/2025	Jul	2025	NAFP
Vegetables	Tomatillos		1	3.40	7/23/2025	Jul	2025	NAFP
Vegetables	Cherry Tomatoes		1	3.05	7/23/2025	Jul	2025	NAFP
Vegetables	Tomatoes		110	277.17	7/23/2025	Jul	2025	NAFP
Vegetables	Peppers		12	36.23	7/23/2025	Jul	2025	NAFP
Greens	Lettuce		63	336.00	7/23/2025	Jul	2025	NAFP
Greens	Kale		13	69.33	7/23/2025	Jul	2025	NAFP
Greens	Collards		10	53.33	7/23/2025	Jul	2025	NAFP
Vegetables	Garlic		20	640.00	7/23/2025	Jul	2025	NAFP
Vegetables	Eggplant		33	150.86	7/23/2025	Jul	2025	NAFP
Vegetables	Okra		5	22.86	7/25/2025	Jul	2025	NAFP
Vegetables	Cherry Tomatoes		36	109.71	7/25/2025	Jul	2025	NAFP
Vegetables	Tomatoes		25	62.99	7/25/2025	Jul	2025	NAFP
Vegetables	Yellow Squash		107	489.14	7/25/2025	Jul	2025	NAFP
Vegetables	Cucumbers		120	548.57	7/25/2025	Jul	2025	NAFP
Vegetables	Eggplant		13	59.43	7/25/2025	Jul	2025	NAFP
Vegetables	Tomatillos		1	3.40	7/25/2025	Jul	2025	NAFP
Vegetables	Garlic		6	192.00	7/25/2025	Jul	2025	NAFP
Vegetables	Onions		4	12.08	7/25/2025	Jul	2025	NAFP
Herbs	Basil		4.5	144.00	7/25/2025	Jul	2025	NAFP
Fruit	Raspberries	14.5	5.8	21.38	7/25/2025	Jul	2025	NAFP
Vegetables	Peppers		19	57.36	7/25/2025	Jul	2025	NAFP
Flowers	Flower Bouquets	17	0	0.00	7/25/2025	Jul	2025	NAFP
Greens	Kale		12	64.00	7/25/2025	Jul	2025	GRIN
Vegetables	Peppers		14	42.26	7/25/2025	Jul	2025	GRIN
Vegetables	Tomatoes		116	292.28	7/25/2025	Jul	2025	GRIN
Vegetables	Garlic		6	192.00	7/25/2025	Jul	2025	GRIN
Vegetables	Eggplant		2	9.14	7/25/2025	Jul	2025	GRIN
Greens	Lettuce		6	32.00	7/28/2025	Jul	2025	Bags
Vegetables	Cucumbers		7	32.00	7/28/2025	Jul	2025	Bags
Vegetables	Onions		1.3	3.92	7/28/2025	Jul	2025	Bags
Vegetables	Eggplant		3	13.71	7/28/2025	Jul	2025	Bags
Vegetables	Yellow Squash		9	41.14	7/28/2025	Jul	2025	Bags
Vegetables	Cherry Tomatoes		3.3	10.06	7/28/2025	Jul	2025	GRIN
Vegetables	Beans		6	32.00	7/28/2025	Jul	2025	GRIN
Vegetables	Cucumbers		92	420.57	7/28/2025	Jul	2025	GRIN
Vegetables	Onions		3	9.06	7/28/2025	Jul	2025	GRIN
Vegetables	Yellow Squash		108	493.71	7/28/2025	Jul	2025	GRIN
Greens	Lettuce		29	154.67	7/28/2025	Jul	2025	GRIN
Vegetables	Eggplant		2	9.14	7/28/2025	Jul	2025	GRIN
Vegetables	Beets		52	173.33	7/28/2025	Jul	2025	GRIN
Fruit	Raspberries	24	9.6	35.39	7/28/2025	Jul	2025	Other
Greens	Collards		7	37.33	7/30/2025	Jul	2025	Market Street
Greens	Kale		25	133.33	7/30/2025	Jul	2025	Market Street
Vegetables	Peppers		37	111.70	7/30/2025	Jul	2025	Market Street
Vegetables	Garlic		9	288.00	7/30/2025	Jul	2025	Market Street
Vegetables	Cucumbers		14	64.00	7/30/2025	Jul	2025	Market Street
Vegetables	Okra		9	41.14	7/30/2025	Jul	2025	Market Street
Vegetables	Eggplant		50	228.57	7/30/2025	Jul	2025	Market Street
Vegetables	Cherry Tomatoes		7	21.33	7/30/2025	Jul	2025	Market Street
Vegetables	Yellow Squash		95	434.29	7/30/2025	Jul	2025	Market Street
Greens	Lettuce		16	85.33	7/30/2025	Jul	2025	Market Street
Vegetables	Tomatoes		84	211.65	7/30/2025	Jul	2025	Market Street
Vegetables	Peppers		10	30.19	7/30/2025	Jul	2025	GRIN
Vegetables	Cucumbers		94	429.71	7/30/2025	Jul	2025	GRIN
Greens	Kale		16	85.33	7/30/2025	Jul	2025	GRIN
Vegetables	Cherry Tomatoes		15	45.71	7/30/2025	Jul	2025	GRIN
Vegetables	Eggplant		65	297.14	7/30/2025	Jul	2025	GRIN
Greens	Collards		12	64.00	7/30/2025	Jul	2025	GRIN
Vegetables	Tomatoes		117	294.80	7/30/2025	Jul	2025	GRIN
Greens	Lettuce		25	133.33	7/30/2025	Jul	2025	GRIN
Vegetables	Yellow Squash		40	182.86	7/30/2025	Jul	2025	GRIN
Fruit	Raspberries	20	0.8	2.95	7/30/2025	Jul	2025	Broad St
Vegetables	Cherry Tomatoes		34	103.62	7/30/2025	Jul	2025	Broad St
Vegetables	Okra		24	109.71	7/30/2025	Jul	2025	Broad St
Vegetables	Tomatillos		13	44.26	7/30/2025	Jul	2025	Broad St
Vegetables	Tomatoes		45	113.39	7/30/2025	Jul	2025	Broad St
Vegetables	Cucumbers		120	548.57	7/30/2025	Jul	2025	NAFP
Vegetables	Eggplant		3	13.71	7/30/2025	Jul	2025	NAFP
Vegetables	Yellow Squash		5	22.86	7/30/2025	Jul	2025	NAFP
Vegetables	Beans		10	53.33	7/30/2025	Jul	2025	NAFP
Greens	Lettuce		19	101.33	7/30/2025	Jul	2025	GRIN
Herbs	Basil		6	192.00	7/30/2025	Jul	2025	GRIN
Vegetables	Tomatoes		195	491.34	7/30/2025	Jul	2025	FPN Brice
Vegetables	Yellow Squash		61	278.86	7/30/2025	Jul	2025	FPN Brice
Vegetables	Beets		100	333.33	7/30/2025	Jul	2025	FPN Brice
Greens	Kale		22	117.33	7/30/2025	Jul	2025	NAFP
Vegetables	Eggplant		66	301.71	7/30/2025	Jul	2025	NAFP
Vegetables	Cucumbers		4	18.29	7/31/2025	Jul	2025	Northridge
Vegetables	Eggplant		6	27.43	7/31/2025	Jul	2025	Northridge
Vegetables	Peppers		4	12.08	7/31/2025	Jul	2025	Northridge
Vegetables	Yellow Squash		12	54.86	7/31/2025	Jul	2025	Northridge
Herbs	Basil		0.5	16.00	7/31/2025	Jul	2025	Northridge
Flowers	Flower Bouquets	5	0	0.00	7/31/2025	Jul	2025	Northridge
Vegetables	Tomatoes		2	5.04	7/31/2025	Jul	2025	Faith Care
Vegetables	Yellow Squash		18	82.29	7/31/2025	Jul	2025	Faith Care
Vegetables	Beans		3	16.00	7/31/2025	Jul	2025	Faith Care
Vegetables	Eggplant		8	36.57	7/31/2025	Jul	2025	Faith Care
Vegetables	Cucumbers		3	13.71	7/31/2025	Jul	2025	Faith Care
Vegetables	Peppers		2	6.04	7/31/2025	Jul	2025	Faith Care
Greens	Lettuce		3	16.00	7/31/2025	Jul	2025	Faith Care
Flowers	Flower Bouquets	10	0	0.00	7/31/2025	Jul	2025	Faith Care
Herbs	Basil		1.5	48.00	7/31/2025	Jul	2025	Faith Care
Vegetables	Tomatoes		668	1,683.15	7/31/2025	Jul	2025	FPN Brice
Vegetables	Cherry Tomatoes		40	121.90	7/31/2025	Jul	2025	FPN Brice
Vegetables	Peppers		71	214.34	7/31/2025	Jul	2025	FPN Brice
Vegetables	Garlic		20	640.00	7/31/2025	Jul	2025	FPN Brice
Fruit	Raspberries	10	4	14.75	7/31/2025	Jul	2025	Broad St
Vegetables	Eggplant		5	22.86	7/31/2025	Jul	2025	Other
Vegetables	Peppers		3	9.06	7/31/2025	Jul	2025	Other
Vegetables	Cherry Tomatoes		2	6.10	7/31/2025	Jul	2025	Other
Vegetables	Cucumbers		2	9.14	7/31/2025	Jul	2025	Other
Fruit	Raspberries	1	0.4	1.47	7/31/2025	Jul	2025	Other
Greens	Kale		47	250.67	8/1/2025	Aug	2025	Market Street
Greens	Collards		5	26.67	8/1/2025	Aug	2025	Market Street
Vegetables	Okra		62	283.43	8/4/2025	Aug	2025	Broad St
Vegetables	Cherry Tomatoes		12	36.57	8/4/2025	Aug	2025	Broad St
Fruit	Raspberries	7	2.8	10.32	8/4/2025	Aug	2025	Broad St
Vegetables	Yellow Squash		73	333.71	8/4/2025	Aug	2025	GRIN
Vegetables	Cucumbers		151	690.29	8/4/2025	Aug	2025	GRIN
Greens	Lettuce		29	154.67	8/4/2025	Aug	2025	GRIN
Vegetables	Beans		13	69.33	8/4/2025	Aug	2025	GRIN
Vegetables	Eggplant		22	100.57	8/4/2025	Aug	2025	GRIN
Vegetables	Tomatillos		46	156.60	8/4/2025	Aug	2025	GRIN
Vegetables	Tomatoes		8	20.16	8/4/2025	Aug	2025	GRIN
Fruit	Raspberries	23	9.2	33.92	8/5/2025	Aug	2025	Broad St
Vegetables	Tomatoes		106	267.09	8/5/2025	Aug	2025	Broad St
Vegetables	Cherry Tomatoes		45	137.14	8/5/2025	Aug	2025	Broad St
Fruit	Raspberries	10	4	14.75	8/5/2025	Aug	2025	Broad St
Vegetables	Tomatoes		193	486.30	8/5/2025	Aug	2025	Market Street
Greens	Cabbage		52	264.97	8/5/2025	Aug	2025	Market Street
Greens	Collards		5	26.67	8/5/2025	Aug	2025	Market Street
Vegetables	Yellow Squash		10	45.71	8/5/2025	Aug	2025	Market Street
Vegetables	Peppers		20	60.38	8/5/2025	Aug	2025	Market Street
Vegetables	Tomatoes		381	960.00	8/5/2025	Aug	2025	FPN Brice
Greens	Lettuce		12	64.00	8/5/2025	Aug	2025	Bags
Vegetables	Cucumbers		9	41.14	8/5/2025	Aug	2025	Bags
Vegetables	Eggplant		6	27.43	8/5/2025	Aug	2025	Bags
Vegetables	Yellow Squash		9	41.14	8/5/2025	Aug	2025	Bags
Vegetables	Yellow Squash		13	59.43	8/7/2025	Aug	2025	Faith Care
Vegetables	Cucumbers		11	50.29	8/7/2025	Aug	2025	Faith Care
Vegetables	Tomatoes		5	12.60	8/7/2025	Aug	2025	Faith Care
Vegetables	Eggplant		2	9.14	8/7/2025	Aug	2025	Faith Care
Vegetables	Tomatillos		3	10.21	8/7/2025	Aug	2025	Faith Care
Vegetables	Peppers		1	3.02	8/7/2025	Aug	2025	Faith Care
Vegetables	Beans		1	5.33	8/7/2025	Aug	2025	Faith Care
Vegetables	Tomatoes		2	5.04	8/7/2025	Aug	2025	Faith Care
Greens	Collards		1	5.33	8/7/2025	Aug	2025	Faith Care
Vegetables	Cucumbers		14	64.00	8/7/2025	Aug	2025	Northridge
Vegetables	Yellow Squash		9	41.14	8/7/2025	Aug	2025	Northridge
Vegetables	Tomatoes		7	17.64	8/7/2025	Aug	2025	Northridge
Vegetables	Peppers		1	3.02	8/7/2025	Aug	2025	Northridge
Vegetables	Tomatillos		3	10.21	8/7/2025	Aug	2025	Northridge
Vegetables	Eggplant		2	9.14	8/7/2025	Aug	2025	Northridge
Vegetables	Beans		1	5.33	8/7/2025	Aug	2025	Northridge
Greens	Collards		1	5.33	8/7/2025	Aug	2025	Northridge
Vegetables	Tomatillos		7	23.83	8/6/2025	Aug	2025	GRIN
Vegetables	Cucumbers		20	91.43	8/6/2025	Aug	2025	GRIN
Vegetables	Yellow Squash		53	242.29	8/6/2025	Aug	2025	GRIN
Vegetables	Beans		8	42.67	8/6/2025	Aug	2025	GRIN
Herbs	Basil		4	128.00	8/6/2025	Aug	2025	GRIN
Vegetables	Peppers		57	172.08	8/8/2025	Aug	2025	Market Street
Vegetables	Yellow Squash		71	324.57	8/8/2025	Aug	2025	Market Street
Vegetables	Cucumbers		25	114.29	8/8/2025	Aug	2025	Market Street
Vegetables	Eggplant		15	68.57	8/8/2025	Aug	2025	Market Street
Vegetables	Tomatillos		25	85.11	8/8/2025	Aug	2025	Market Street
Vegetables	Tomatoes		100	251.97	8/8/2025	Aug	2025	Market Street
Vegetables	Cherry Tomatoes		22	67.05	8/8/2025	Aug	2025	Market Street
Vegetables	Garlic		5	160.00	8/8/2025	Aug	2025	Market Street
Fruit	Raspberries	13	5.2	19.17	8/8/2025	Aug	2025	Market Street
Vegetables	Peppers		75	226.42	8/8/2025	Aug	2025	NAFP
Vegetables	Tomatoes		78	196.54	8/8/2025	Aug	2025	NAFP
Vegetables	Cherry Tomatoes		6	18.29	8/8/2025	Aug	2025	NAFP
Vegetables	Yellow Squash		4	18.29	8/8/2025	Aug	2025	NAFP
Vegetables	Tomatoes		270	680.31	8/8/2025	Aug	2025	FPN Brice
Vegetables	Tomatillos		21	71.49	8/8/2025	Aug	2025	FPN Brice
Vegetables	Peppers		208	627.92	8/8/2025	Aug	2025	FPN Brice
Greens	Collards		11	58.67	8/8/2025	Aug	2025	FPN Brice
Vegetables	Eggplant		29	132.57	8/8/2025	Aug	2025	FPN Brice
Fruit	Watermelon		14	22.20	8/8/2025	Aug	2025	FPN Brice
Vegetables	Yellow Squash		79	361.14	8/8/2025	Aug	2025	GRIN
Vegetables	Tomatillos		7	23.83	8/8/2025	Aug	2025	GRIN
Vegetables	Eggplant		2	9.14	8/8/2025	Aug	2025	GRIN
Vegetables	Peppers		6	18.11	8/8/2025	Aug	2025	GRIN
Vegetables	Cherry Tomatoes		11	33.52	8/8/2025	Aug	2025	GRIN
Vegetables	Beans		5	26.67	8/8/2025	Aug	2025	GRIN
Greens	Lettuce		28	149.33	8/8/2025	Aug	2025	GRIN
Vegetables	Cucumbers		79	361.14	8/8/2025	Aug	2025	GRIN
Vegetables	Cucumbers		15	68.57	8/8/2025	Aug	2025	Motherful
Vegetables	Tomatillos		1	3.40	8/8/2025	Aug	2025	Motherful
Vegetables	Eggplant		1	4.57	8/8/2025	Aug	2025	Motherful
Vegetables	Tomatoes		2	5.04	8/8/2025	Aug	2025	Motherful
Greens	Lettuce		5	26.67	8/8/2025	Aug	2025	Motherful
Vegetables	Yellow Squash		15	68.57	8/8/2025	Aug	2025	Motherful
Vegetables	Eggplant		2	9.14	8/8/2025	Aug	2025	Other
Vegetables	Tomatoes		5	12.60	8/8/2025	Aug	2025	Other
Vegetables	Peppers		5	15.09	8/8/2025	Aug	2025	Other
Vegetables	Yellow Squash		142.94	653.44	8/11/2025	Aug	2025	GRIN
Vegetables	Zucchini		21.28	97.28	8/11/2025	Aug	2025	GRIN
Vegetables	Cucumbers		108.08	494.08	8/11/2025	Aug	2025	GRIN
Vegetables	Peppers		3.62	10.93	8/11/2025	Aug	2025	GRIN
Vegetables	Tomatillos		29.35	99.91	8/11/2025	Aug	2025	GRIN
Vegetables	Cherry Tomatoes		21.74	66.26	8/11/2025	Aug	2025	GRIN
Vegetables	Beans		10.28	54.83	8/11/2025	Aug	2025	GRIN
Herbs	Basil		6	192.00	8/11/2025	Aug	2025	GRIN
Vegetables	Tomatoes		58	146.14	8/12/2025	Aug	2025	Market Street
Vegetables	Cherry Tomatoes		22	67.05	8/12/2025	Aug	2025	Market Street
Vegetables	Eggplant		12	54.86	8/12/2025	Aug	2025	Market Street
Vegetables	Yellow Squash		51	233.14	8/12/2025	Aug	2025	Market Street
Vegetables	Garlic		5	160.00	8/12/2025	Aug	2025	Market Street
Vegetables	Peppers		26	78.49	8/12/2025	Aug	2025	Market Street
Vegetables	Okra		24	109.71	8/12/2025	Aug	2025	Market Street
Greens	Cabbage		30	152.87	8/12/2025	Aug	2025	Market Street
Fruit	Watermelon		25	39.64	8/12/2025	Aug	2025	Market Street
Vegetables	Cherry Tomatoes		35	106.67	8/12/2025	Aug	2025	Broad St
Fruit	Raspberries	19	7.6	28.02	8/12/2025	Aug	2025	Broad St
Vegetables	Okra		30	137.14	8/12/2025	Aug	2025	Broad St
Vegetables	Cucumbers		50	228.57	8/12/2025	Aug	2025	Broad St
Vegetables	Yellow Squash		46	210.29	8/12/2025	Aug	2025	Broad St
Vegetables	Yellow Squash		2	9.14	8/12/2025	Aug	2025	Other
Vegetables	Tomatoes		5	12.60	8/12/2025	Aug	2025	Other
Fruit	Raspberries	1	0.4	1.47	8/12/2025	Aug	2025	Other
Vegetables	Cucumbers		2	9.14	8/12/2025	Aug	2025	Other
Vegetables	Peppers		3	9.06	8/12/2025	Aug	2025	Other
Vegetables	Cherry Tomatoes		1.5	4.57	8/12/2025	Aug	2025	Other
Vegetables	Okra		0.5	2.29	8/12/2025	Aug	2025	Other
Vegetables	Eggplant		3	13.71	8/12/2025	Aug	2025	Other
Greens	Lettuce		116	618.67	8/13/2025	Aug	2025	NAFP
Vegetables	Cucumbers		125	571.43	8/13/2025	Aug	2025	NAFP
Vegetables	Beans		14	74.67	8/13/2025	Aug	2025	NAFP
Vegetables	Cherry Tomatoes		37	112.76	8/13/2025	Aug	2025	NAFP
Vegetables	Beets		14	46.67	8/13/2025	Aug	2025	NAFP
Vegetables	Tomatillos		26	88.51	8/13/2025	Aug	2025	NAFP
Vegetables	Eggplant		4	18.29	8/13/2025	Aug	2025	NAFP
Vegetables	Yellow Squash		51	233.14	8/13/2025	Aug	2025	NAFP
Vegetables	Tomatoes		113	284.72	8/13/2025	Aug	2025	NAFP
Herbs	Basil		6	192.00	8/13/2025	Aug	2025	NAFP
Vegetables	Yellow Squash		21	96.00	8/13/2025	Aug	2025	Northridge
Vegetables	Peppers		20	60.38	8/13/2025	Aug	2025	Northridge
Vegetables	Beets		6	20.00	8/13/2025	Aug	2025	Northridge
Greens	Cabbage		5	25.48	8/13/2025	Aug	2025	Northridge
Vegetables	Garlic		4.5	144.00	8/13/2025	Aug	2025	Northridge
Vegetables	Cherry Tomatoes		14	42.67	8/13/2025	Aug	2025	Northridge
Vegetables	Tomatoes		22	55.43	8/13/2025	Aug	2025	Northridge
Vegetables	Yellow Squash		32	146.29	8/13/2025	Aug	2025	Faith Care
Vegetables	Peppers		8	24.15	8/13/2025	Aug	2025	Faith Care
Vegetables	Beets		10	33.33	8/13/2025	Aug	2025	Faith Care
Vegetables	Okra		5	22.86	8/13/2025	Aug	2025	Faith Care
Greens	Cabbage		6	30.57	8/13/2025	Aug	2025	Faith Care
Vegetables	Cherry Tomatoes		10	30.48	8/13/2025	Aug	2025	Faith Care
Vegetables	Tomatoes		19	47.87	8/13/2025	Aug	2025	Faith Care
Vegetables	Tomatoes		200	503.94	8/14/2025	Aug	2025	FPN Brice
Greens	Cabbage		40	203.82	8/14/2025	Aug	2025	FPN Brice
Vegetables	Yellow Squash		31	141.71	8/14/2025	Aug	2025	FPN Brice
Vegetables	Tomatoes		45	113.39	8/16/2025	Aug	2025	Other
Vegetables	Eggplant		2	9.14	8/16/2025	Aug	2025	Other
Fruit	Watermelon		422	669.18	8/15/2025	Aug	2025	NAFP
Fruit	Watermelon		422	669.18	8/15/2025	Aug	2025	GRIN
Fruit	Watermelon		422	669.18	8/15/2025	Aug	2025	Market Street
Vegetables	Tomatoes		10	25.20	8/15/2025	Aug	2025	NAFP
Vegetables	Peppers		6	18.11	8/15/2025	Aug	2025	NAFP
Vegetables	Onions		5	15.09	8/15/2025	Aug	2025	NAFP
Vegetables	Cucumbers		127	580.57	8/15/2025	Aug	2025	NAFP
Vegetables	Zucchini		25	114.29	8/15/2025	Aug	2025	NAFP
Vegetables	Tomatoes		4	10.08	8/15/2025	Aug	2025	Motherful
Vegetables	Zucchini		9	41.14	8/15/2025	Aug	2025	Motherful
Vegetables	Peppers		1	3.02	8/15/2025	Aug	2025	Motherful
Vegetables	Yellow Squash		21	96.00	8/15/2025	Aug	2025	Motherful
Fruit	Watermelon		421	667.59	8/17/2025	Aug	2025	Broad St
Vegetables	Yellow Squash		103	470.86	8/17/2025	Aug	2025	Broad St
Vegetables	Tomatoes		41	103.31	8/17/2025	Aug	2025	Broad St
Greens	Kale		10	53.33	8/17/2025	Aug	2025	Broad St
Vegetables	Eggplant		30	137.14	8/17/2025	Aug	2025	Broad St
Vegetables	Cherry Tomatoes		39	118.86	8/17/2025	Aug	2025	Broad St
Vegetables	Tomatillos		10	34.04	8/17/2025	Aug	2025	Broad St
Vegetables	Peppers		33	99.62	8/17/2025	Aug	2025	Broad St
Vegetables	Garlic		6	192.00	8/17/2025	Aug	2025	Broad St
Vegetables	Onions		25	75.47	8/17/2025	Aug	2025	Broad St
Vegetables	Tomatoes		106	267.09	8/17/2025	Aug	2025	Broad St
Vegetables	Cucumbers		50	228.57	8/17/2025	Aug	2025	Broad St
Greens	Lettuce		45	240.00	8/17/2025	Aug	2025	Broad St
Vegetables	Okra		20	91.43	8/17/2025	Aug	2025	Broad St
Fruit	Raspberries	40	16	58.99	8/17/2025	Aug	2025	Broad St
Vegetables	Yellow Squash		29	132.57	8/18/2025	Aug	2025	Bags
Vegetables	Beans		3	16.00	8/18/2025	Aug	2025	Bags
Vegetables	Peppers		2	6.04	8/18/2025	Aug	2025	Bags
Vegetables	Cherry Tomatoes		7	21.33	8/18/2025	Aug	2025	Bags
Vegetables	Cucumbers		20	91.43	8/18/2025	Aug	2025	Bags
Vegetables	Onions		8	24.15	8/18/2025	Aug	2025	Bags
Vegetables	Eggplant		3	13.71	8/18/2025	Aug	2025	Bags
Vegetables	Tomatillos		1	3.40	8/18/2025	Aug	2025	Bags
Herbs	Basil		2	64.00	8/18/2025	Aug	2025	Bags
Vegetables	Tomatoes		17	42.83	8/18/2025	Aug	2025	Bags
Vegetables	Eggplant		5	22.86	8/18/2025	Aug	2025	Bags
Vegetables	Okra		3	13.71	8/18/2025	Aug	2025	Bags
Vegetables	Peppers		3	9.06	8/18/2025	Aug	2025	Bags
Vegetables	Tomatoes		180	453.54	8/18/2025	Aug	2025	GRIN
Vegetables	Peppers		35	105.66	8/18/2025	Aug	2025	GRIN
Vegetables	Eggplant		54	246.86	8/18/2025	Aug	2025	GRIN
Vegetables	Okra		21	96.00	8/18/2025	Aug	2025	GRIN
Vegetables	Cucumbers		25	114.29	8/18/2025	Aug	2025	GRIN
Vegetables	Yellow Squash		88	402.29	8/18/2025	Aug	2025	GRIN
Vegetables	Cherry Tomatoes		16	48.76	8/18/2025	Aug	2025	GRIN
Vegetables	Beans		8	42.67	8/18/2025	Aug	2025	GRIN
Vegetables	Eggplant		6	27.43	8/18/2025	Aug	2025	GRIN
Vegetables	Peppers		4	12.08	8/18/2025	Aug	2025	GRIN
Vegetables	Onions		8	24.15	8/18/2025	Aug	2025	GRIN
Vegetables	Tomatillos		7	23.83	8/18/2025	Aug	2025	GRIN
Herbs	Basil		4	128.00	8/18/2025	Aug	2025	GRIN
Vegetables	Yellow Squash		372	1,700.57	8/19/2025	Aug	2025	FPN Brice
Vegetables	Okra		49	224.00	8/19/2025	Aug	2025	FPN Brice
Vegetables	Peppers		47	141.89	8/19/2025	Aug	2025	FPN Brice
Vegetables	Tomatoes		195	491.34	8/19/2025	Aug	2025	FPN Brice
Vegetables	Eggplant		13	59.43	8/19/2025	Aug	2025	FPN Brice
Vegetables	Tomatillos		54	183.83	8/19/2025	Aug	2025	FPN Brice
Vegetables	Okra		15	68.57	8/20/2025	Aug	2025	Market Street
Vegetables	Yellow Squash		37	169.14	8/20/2025	Aug	2025	Market Street
Vegetables	Eggplant		70	320.00	8/20/2025	Aug	2025	Market Street
Vegetables	Peppers		48	144.91	8/20/2025	Aug	2025	Market Street
Vegetables	Cucumbers		9	41.14	8/20/2025	Aug	2025	Market Street
Vegetables	Tomatoes		40	100.79	8/20/2025	Aug	2025	Market Street
Fruit	Raspberries	11	4.1	15.12	8/20/2025	Aug	2025	Broad St
Vegetables	Cherry Tomatoes		30	91.43	8/20/2025	Aug	2025	Broad St
Vegetables	Okra		18	82.29	8/20/2025	Aug	2025	Broad St
Vegetables	Tomatoes		82	206.61	8/21/2025	Aug	2025	Broad St
Vegetables	Cherry Tomatoes		35	106.67	8/21/2025	Aug	2025	Broad St
Fruit	Raspberries	28	11.2	41.29	8/21/2025	Aug	2025	Broad St
Vegetables	Peppers		5	15.09	8/21/2025	Aug	2025	Faith Care
Vegetables	Yellow Squash		10	45.71	8/21/2025	Aug	2025	Faith Care
Vegetables	Zucchini		10	45.71	8/21/2025	Aug	2025	Faith Care
Vegetables	Cherry Tomatoes		8	24.38	8/21/2025	Aug	2025	Faith Care
Fruit	Watermelon		40	63.43	8/21/2025	Aug	2025	Faith Care
Vegetables	Tomatoes		8	20.16	8/21/2025	Aug	2025	Faith Care
Vegetables	Peppers		5	15.09	8/21/2025	Aug	2025	Northridge
Vegetables	Yellow Squash		10	45.71	8/21/2025	Aug	2025	Northridge
Vegetables	Zucchini		10	45.71	8/21/2025	Aug	2025	Northridge
Vegetables	Cherry Tomatoes		8	24.38	8/21/2025	Aug	2025	Northridge
Vegetables	Tomatoes		8	20.16	8/21/2025	Aug	2025	Northridge
Fruit	Watermelon		40	63.43	8/21/2025	Aug	2025	Northridge
Vegetables	Tomatoes		265	667.72	8/21/2025	Aug	2025	FPN Brice
Vegetables	Peppers		56	169.06	8/21/2025	Aug	2025	FPN Brice
Vegetables	Zucchini		79	361.14	8/21/2025	Aug	2025	FPN Brice
Vegetables	Tomatoes		40	100.79	8/22/2025	Aug	2025	GRIN
Vegetables	Peppers		24	72.45	8/22/2025	Aug	2025	GRIN
Vegetables	Onions		14	42.26	8/22/2025	Aug	2025	GRIN
Vegetables	Okra		12	54.86	8/22/2025	Aug	2025	GRIN
Vegetables	Eggplant		16	73.14	8/22/2025	Aug	2025	GRIN
Vegetables	Yellow Squash		50	228.57	8/22/2025	Aug	2025	Market Street
Vegetables	Peppers		17	51.32	8/22/2025	Aug	2025	Market Street
Vegetables	Okra		17	77.71	8/22/2025	Aug	2025	Market Street
Vegetables	Eggplant		29	132.57	8/22/2025	Aug	2025	Market Street
Vegetables	Peppers		5	15.09	8/22/2025	Aug	2025	Market Street
Greens	Kale		50	266.67	8/22/2025	Aug	2025	Market Street
Vegetables	Cherry Tomatoes		22	67.05	8/22/2025	Aug	2025	Market Street
Vegetables	Tomatoes		60	151.18	8/22/2025	Aug	2025	Market Street
Vegetables	Garlic		82	2,624.00	8/23/2025	Aug	2025	Other
Vegetables	Beans		2	10.67	8/22/2025	Aug	2025	Motherful
Vegetables	Cherry Tomatoes		4	12.19	8/22/2025	Aug	2025	Motherful
Vegetables	Peppers		1	3.02	8/22/2025	Aug	2025	Motherful
Vegetables	Eggplant		1	4.57	8/22/2025	Aug	2025	Motherful
Vegetables	Tomatillos		1	3.40	8/22/2025	Aug	2025	Motherful
Vegetables	Yellow Squash		47	214.86	8/22/2025	Aug	2025	Motherful
Greens	Lettuce		3	16.00	8/22/2025	Aug	2025	Motherful
Vegetables	Cucumbers		6	27.43	8/22/2025	Aug	2025	Motherful
Vegetables	Onions		2	6.04	8/22/2025	Aug	2025	Motherful
Vegetables	Zucchini		23	105.14	8/22/2025	Aug	2025	Motherful
Vegetables	Cherry Tomatoes		13	39.62	8/22/2025	Aug	2025	GRIN
Vegetables	Yellow Squash		37	169.14	8/22/2025	Aug	2025	GRIN
Vegetables	Eggplant		3	13.71	8/22/2025	Aug	2025	GRIN
Vegetables	Tomatillos		7	23.83	8/22/2025	Aug	2025	GRIN
Vegetables	Peppers		5	15.09	8/22/2025	Aug	2025	GRIN
Vegetables	Beans		10	53.33	8/22/2025	Aug	2025	GRIN
Vegetables	Cucumbers		32	146.29	8/22/2025	Aug	2025	GRIN
Greens	Lettuce		24	128.00	8/22/2025	Aug	2025	GRIN
Vegetables	Onions		17	51.32	8/22/2025	Aug	2025	GRIN
Fruit	Raspberries	11	4.4	16.22	8/24/2025	Aug	2025	Broad St
Vegetables	Eggplant		3	13.71	8/24/2025	Aug	2025	Other
Vegetables	Cherry Tomatoes		2	6.10	8/24/2025	Aug	2025	Other
Vegetables	Peppers		2	6.04	8/24/2025	Aug	2025	Other
Vegetables	Tomatoes		12	30.24	8/25/2025	Aug	2025	Bags
Vegetables	Zucchini		6	27.43	8/25/2025	Aug	2025	Bags
Vegetables	Beans		8	42.67	8/25/2025	Aug	2025	Bags
Vegetables	Eggplant		1	4.57	8/25/2025	Aug	2025	Bags
Vegetables	Peppers		1	3.02	8/25/2025	Aug	2025	Bags
Vegetables	Tomatillos		2	6.81	8/25/2025	Aug	2025	Bags
Vegetables	Cucumbers		10	45.71	8/25/2025	Aug	2025	Bags
Greens	Lettuce		4	21.33	8/25/2025	Aug	2025	Bags
Vegetables	Cherry Tomatoes		44	134.10	8/25/2025	Aug	2025	GRIN
Vegetables	Tomatillos		12	40.85	8/25/2025	Aug	2025	GRIN
Vegetables	Cucumbers		68	310.86	8/25/2025	Aug	2025	GRIN
Greens	Lettuce		8	42.67	8/25/2025	Aug	2025	GRIN
Vegetables	Peppers		4	12.08	8/25/2025	Aug	2025	GRIN
Vegetables	Beans		33	176.00	8/25/2025	Aug	2025	GRIN
Vegetables	Eggplant		1	4.57	8/25/2025	Aug	2025	GRIN
Vegetables	Zucchini		3	13.71	8/25/2025	Aug	2025	GRIN
Vegetables	Yellow Squash		31	141.71	8/25/2025	Aug	2025	GRIN
Vegetables	Onions		27	81.51	8/25/2025	Aug	2025	GRIN
Vegetables	Okra		36	164.57	8/27/2025	Aug	2025	Broad St
Vegetables	Yellow Squash		50	228.57	8/27/2025	Aug	2025	Broad St
Vegetables	Tomatoes		126	317.48	8/27/2025	Aug	2025	Broad St
Vegetables	Peppers		19	57.36	8/27/2025	Aug	2025	Broad St
Vegetables	Cherry Tomatoes		31	94.48	8/27/2025	Aug	2025	Broad St
Fruit	Raspberries	13	5.2	19.17	8/27/2025	Aug	2025	Broad St
Vegetables	Peppers		40	120.75	8/27/2025	Aug	2025	Market Street
Vegetables	Yellow Squash		83	379.43	8/27/2025	Aug	2025	Market Street
Vegetables	Onions		28	84.53	8/27/2025	Aug	2025	Market Street
Vegetables	Cherry Tomatoes		14	42.67	8/27/2025	Aug	2025	Market Street
Vegetables	Okra		34	155.43	8/27/2025	Aug	2025	Market Street
Vegetables	Tomatoes		42	105.83	8/27/2025	Aug	2025	Market Street
Vegetables	Eggplant		37	169.14	8/27/2025	Aug	2025	Market Street
Vegetables	Tomatoes		8	20.16	8/27/2025	Aug	2025	Other
Vegetables	Zucchini		1	4.57	8/27/2025	Aug	2025	Other
Vegetables	Yellow Squash		1	4.57	8/27/2025	Aug	2025	Other
Vegetables	Tomatoes		18	45.35	8/27/2025	Aug	2025	Northridge
Vegetables	Peppers		4	12.08	8/27/2025	Aug	2025	Northridge
Vegetables	Eggplant		5	22.86	8/27/2025	Aug	2025	Northridge
Vegetables	Onions		8	24.15	8/27/2025	Aug	2025	Northridge
Vegetables	Eggplant		20	91.43	8/27/2025	Aug	2025	Faith Care
Vegetables	Cherry Tomatoes		1	3.05	8/27/2025	Aug	2025	Faith Care
Vegetables	Peppers		2	6.04	8/27/2025	Aug	2025	Faith Care
Vegetables	Tomatoes		15	37.80	8/27/2025	Aug	2025	Faith Care
Vegetables	Onions		15	45.28	8/27/2025	Aug	2025	Faith Care
Vegetables	Onions		16	48.30	8/27/2025	Aug	2025	NAFP
Vegetables	Beans		21	112.00	8/27/2025	Aug	2025	NAFP
Vegetables	Cherry Tomatoes		20	60.95	8/27/2025	Aug	2025	NAFP
Vegetables	Yellow Squash		20	91.43	8/27/2025	Aug	2025	NAFP
Vegetables	Zucchini		4	18.29	8/27/2025	Aug	2025	NAFP
Vegetables	Tomatillos		13	44.26	8/27/2025	Aug	2025	NAFP
Vegetables	Eggplant		4	18.29	8/27/2025	Aug	2025	NAFP
Vegetables	Tomatoes		96	241.89	8/27/2025	Aug	2025	NAFP
Vegetables	Tomatillos		33	112.34	8/27/2025	Aug	2025	NAFP
Vegetables	Peppers		39	117.74	8/27/2025	Aug	2025	NAFP
Vegetables	Okra		18	82.29	8/27/2025	Aug	2025	NAFP
Vegetables	Eggplant		30	137.14	8/27/2025	Aug	2025	NAFP
Vegetables	Yellow Squash		64	292.57	8/27/2025	Aug	2025	NAFP
Vegetables	Onions		38	114.72	8/29/2025	Aug	2025	NAFP
Vegetables	Yellow Squash		86	393.14	8/29/2025	Aug	2025	NAFP
Vegetables	Peppers		27	81.51	8/29/2025	Aug	2025	NAFP
Vegetables	Tomatoes		13	32.76	8/29/2025	Aug	2025	NAFP
Fruit	Raspberries	6	2.5	9.22	8/29/2025	Aug	2025	NAFP
Vegetables	Eggplant		2	9.14	8/29/2025	Aug	2025	NAFP
Vegetables	Tomatillos		4	13.62	8/29/2025	Aug	2025	NAFP
Vegetables	Beans		22	117.33	8/29/2025	Aug	2025	NAFP
Vegetables	Cherry Tomatoes		12	36.57	8/29/2025	Aug	2025	NAFP
Fruit	Raspberries	11	4.4	16.22	9/4/2025	Sep	2025	Broad St
Vegetables	Cherry Tomatoes		31	94.48	9/4/2025	Sep	2025	Broad St
Vegetables	Okra		39	178.29	9/4/2025	Sep	2025	Broad St
Vegetables	Yellow Squash		43	196.57	9/4/2025	Sep	2025	OSU Newark
Vegetables	Tomatoes		41	103.31	9/4/2025	Sep	2025	OSU Newark
Vegetables	Peppers		12	36.23	9/4/2025	Sep	2025	OSU Newark
Vegetables	Onions		7	21.13	9/4/2025	Sep	2025	OSU Newark
Vegetables	Spaghetti Squash		42	123.08	9/4/2025	Sep	2025	OSU Newark
Greens	Kale		5	26.67	9/4/2025	Sep	2025	Market Street
Vegetables	Peppers		15	45.28	9/4/2025	Sep	2025	Market Street
Vegetables	Yellow Squash		45	205.71	9/4/2025	Sep	2025	Market Street
Vegetables	Onions		7	21.13	9/4/2025	Sep	2025	Market Street
Vegetables	Spaghetti Squash		56	164.10	9/4/2025	Sep	2025	Market Street
Vegetables	Tomatoes		53	133.54	9/4/2025	Sep	2025	Faith Care
Vegetables	Onions		8	24.15	9/4/2025	Sep	2025	Faith Care
Vegetables	Yellow Squash		24	109.71	9/4/2025	Sep	2025	Faith Care
Vegetables	Onions		5	15.09	9/4/2025	Sep	2025	Northridge
Vegetables	Yellow Squash		8	36.57	9/4/2025	Sep	2025	Northridge
Vegetables	Tomatoes		28	70.55	9/4/2025	Sep	2025	Northridge
Vegetables	Yellow Squash		44	201.14	9/3/2025	Sep	2025	GRIN
Vegetables	Zucchini		6	27.43	9/3/2025	Sep	2025	GRIN
Vegetables	Cherry Tomatoes		11	33.52	9/3/2025	Sep	2025	GRIN
Vegetables	Eggplant		8	36.57	9/3/2025	Sep	2025	GRIN
Vegetables	Peppers		7	21.13	9/3/2025	Sep	2025	GRIN
Vegetables	Tomatillos		5	17.02	9/3/2025	Sep	2025	GRIN
Vegetables	Onions		15	45.28	9/3/2025	Sep	2025	GRIN
Vegetables	Lettuce		20	106.67	9/3/2025	Sep	2025	GRIN
Vegetables	Beets		3	10.00	9/3/2025	Sep	2025	GRIN
Vegetables	Beans		35	186.67	9/3/2025	Sep	2025	GRIN
Vegetables	Kale		9	48.00	9/3/2025	Sep	2025	GRIN
Vegetables	Cucumbers		16	73.14	9/3/2025	Sep	2025	GRIN
Vegetables	Acorn Squash		6	13.24	9/3/2025	Sep	2025	GRIN
Vegetables	Spaghetti Squash		67	196.34	9/3/2025	Sep	2025	GRIN
Vegetables	Tomatoes		139	350.24	9/5/2025	Sep	2025	FPN Brice
Vegetables	Peppers		70	211.32	9/5/2025	Sep	2025	FPN Brice
Vegetables	Yellow Squash		61	278.86	9/5/2025	Sep	2025	FPN Brice
Vegetables	Yellow Squash		37	169.14	9/5/2025	Sep	2025	Market Street
Vegetables	Tomatillos		18	61.28	9/5/2025	Sep	2025	Market Street
Vegetables	Eggplant		28	128.00	9/5/2025	Sep	2025	Market Street
Vegetables	Acorn Squash		3	6.62	9/5/2025	Sep	2025	Market Street
Vegetables	Tomatoes		65	163.78	9/5/2025	Sep	2025	Market Street
Vegetables	Peppers		63	190.19	9/5/2025	Sep	2025	Market Street
Vegetables	Cherry Tomatoes		5	15.24	9/5/2025	Sep	2025	Market Street
Greens	Lettuce		27	144.00	9/5/2025	Sep	2025	GRIN
Vegetables	Beans		31	165.33	9/5/2025	Sep	2025	GRIN
Vegetables	Tomatoes		5	12.60	9/5/2025	Sep	2025	GRIN
Vegetables	Peppers		1	3.02	9/5/2025	Sep	2025	GRIN
Vegetables	Eggplant		8	36.57	9/5/2025	Sep	2025	GRIN
Vegetables	Cucumbers		2	9.14	9/5/2025	Sep	2025	GRIN
Vegetables	Yellow Squash		65	297.14	9/5/2025	Sep	2025	GRIN
Vegetables	Tomatillos		2	6.81	9/5/2025	Sep	2025	GRIN
Vegetables	Yellow Squash		20	91.43	9/8/2025	Sep	2025	Bags
Vegetables	Peppers		11	33.21	9/8/2025	Sep	2025	Bags
Vegetables	Tomatillos		4	13.62	9/8/2025	Sep	2025	Bags
Vegetables	Tomatoes		6	15.12	9/8/2025	Sep	2025	Bags
Vegetables	Cherry Tomatoes		53	161.52	9/10/2025	Sep	2025	NAFP
Vegetables	Carrots		102	582.86	9/10/2025	Sep	2025	Broad St
Vegetables	Onions		32	96.60	9/10/2025	Sep	2025	Broad St
Vegetables	Cherry Tomatoes		13	39.62	9/10/2025	Sep	2025	Broad St
Vegetables	Okra		21	96.00	9/10/2025	Sep	2025	Broad St
Fruit	Raspberries	14	5.6	20.65	9/10/2025	Sep	2025	Broad St
Vegetables	Onions		16	48.30	9/12/2025	Sep	2025	NAFP
Greens	Kale		54	288.00	9/12/2025	Sep	2025	NAFP
Greens	Collards		28	149.33	9/12/2025	Sep	2025	NAFP
Vegetables	Carrots		14	80.00	9/12/2025	Sep	2025	NAFP
Greens	Lettuce		38	202.67	9/12/2025	Sep	2025	NAFP
Vegetables	Eggplant		23	105.14	9/12/2025	Sep	2025	NAFP
Vegetables	Yellow Squash		157	717.71	9/12/2025	Sep	2025	NAFP
Vegetables	Peppers		109	329.06	9/12/2025	Sep	2025	NAFP
Fruit	Raspberries	6	2.4	8.85	9/12/2025	Sep	2025	NAFP
Vegetables	Tomatoes		9	22.68	9/12/2025	Sep	2025	NAFP
Vegetables	Cherry Tomatoes		6	18.29	9/12/2025	Sep	2025	NAFP
Vegetables	Zucchini		12	54.86	9/12/2025	Sep	2025	NAFP
Vegetables	Onions		21	63.40	9/12/2025	Sep	2025	Market Street
Greens	Kale		47	250.67	9/12/2025	Sep	2025	Market Street
Greens	Collards		28	149.33	9/12/2025	Sep	2025	Market Street
Vegetables	Carrots		14	80.00	9/12/2025	Sep	2025	Market Street
Greens	Lettuce		12	64.00	9/12/2025	Sep	2025	Market Street
Vegetables	Eggplant		9	41.14	9/12/2025	Sep	2025	Market Street
Vegetables	Yellow Squash		71	324.57	9/12/2025	Sep	2025	Market Street
Vegetables	Peppers		76	229.43	9/12/2025	Sep	2025	Market Street
Vegetables	Peppers		1	3.02	9/15/2025	Sep	2025	GRIN
Vegetables	Tomatillos		3	10.21	9/15/2025	Sep	2025	GRIN
Vegetables	Eggplant		11	50.29	9/15/2025	Sep	2025	GRIN
Greens	Collards		15	80.00	9/15/2025	Sep	2025	GRIN
Greens	Kale		1	5.33	9/15/2025	Sep	2025	GRIN
Vegetables	Tomatoes		12	30.24	9/15/2025	Sep	2025	GRIN
Vegetables	Zucchini		2	9.14	9/15/2025	Sep	2025	GRIN
Greens	Lettuce		18	96.00	9/15/2025	Sep	2025	GRIN
Vegetables	Beans		18	96.00	9/15/2025	Sep	2025	GRIN
Vegetables	Yellow Squash		48	219.43	9/17/2025	Sep	2025	GRIN
Vegetables	Cherry Tomatoes		39	118.86	9/17/2025	Sep	2025	GRIN
Vegetables	Tomatillos		12	40.85	9/20/2025	Sep	2025	Broad St
Vegetables	Acorn Squash		50	110.34	9/20/2025	Sep	2025	Broad St
Vegetables	Cherry Tomatoes		18	54.86	9/20/2025	Sep	2025	Broad St
Vegetables	Onions		19	57.36	9/20/2025	Sep	2025	Broad St
Vegetables	Spaghetti Squash		58	169.96	9/20/2025	Sep	2025	Broad St
Vegetables	Eggplant		12	54.86	9/20/2025	Sep	2025	Broad St
Vegetables	Garlic		4	128.00	9/20/2025	Sep	2025	Broad St
Vegetables	Peppers		23	69.43	9/20/2025	Sep	2025	Broad St
Vegetables	Yellow Squash		41	187.43	9/20/2025	Sep	2025	Broad St
Greens	Collards		30	160.00	9/20/2025	Sep	2025	Broad St
Greens	Kale		12	64.00	9/20/2025	Sep	2025	Broad St
Vegetables	Cherry Tomatoes		8	24.38	9/21/2025	Sep	2025	Broad St
Vegetables	Yellow Squash		98	448.00	9/21/2025	Sep	2025	Broad St
Fruit	Raspberries	12	4.8	17.70	9/21/2025	Sep	2025	Broad St
Greens	Collards		19	101.33	9/19/2025	Sep	2025	GRIN
Greens	Lettuce		33	176.00	9/19/2025	Sep	2025	GRIN
Vegetables	Eggplant		15	68.57	9/19/2025	Sep	2025	GRIN
Vegetables	Beans		10	53.33	9/19/2025	Sep	2025	GRIN
Vegetables	Cherry Tomatoes		11	33.52	9/19/2025	Sep	2025	GRIN
Vegetables	Tomatillos		5	17.02	9/19/2025	Sep	2025	GRIN
Vegetables	Cherry Tomatoes		9	27.43	9/24/2025	Sep	2025	OSU Newark
Vegetables	Peppers		19	57.36	9/24/2025	Sep	2025	OSU Newark
Vegetables	Acorn Squash		34	75.03	9/24/2025	Sep	2025	OSU Newark
Vegetables	Tomatillos		20	68.09	9/24/2025	Sep	2025	OSU Newark
Vegetables	Yellow Squash		50	228.57	9/24/2025	Sep	2025	OSU Newark
Vegetables	Zucchini		12	54.86	9/24/2025	Sep	2025	OSU Newark
Greens	Lettuce		35	186.67	9/23/2025	Sep	2025	Market Street
Vegetables	Yellow Squash		80	365.71	9/23/2025	Sep	2025	Market Street
Vegetables	Peppers		25	75.47	9/23/2025	Sep	2025	Market Street
Vegetables	Peppers		12	36.23	9/23/2025	Sep	2025	Market Street
Vegetables	Tomatillos		23	78.30	9/23/2025	Sep	2025	Market Street
Vegetables	Acorn Squash		30	66.21	9/23/2025	Sep	2025	Market Street
Vegetables	Spaghetti Squash		60	175.82	9/23/2025	Sep	2025	Market Street
Vegetables	Cherry Tomatoes		19	57.90	9/23/2025	Sep	2025	Market Street
Vegetables	Spaghetti Squash		59	172.89	9/24/2025	Sep	2025	NAFP
Vegetables	Tomatillos		20	68.09	9/24/2025	Sep	2025	NAFP
Vegetables	Peppers		17	51.32	9/24/2025	Sep	2025	NAFP
Greens	Mixed Greens		40	213.33	9/24/2025	Sep	2025	NAFP
Greens	Collards		15	80.00	9/25/2025	Sep	2025	Market Street
Greens	Kale		27	144.00	9/25/2025	Sep	2025	Market Street
Vegetables	Daikon Radish		39	208.00	9/25/2025	Sep	2025	Market Street
Vegetables	Yellow Squash		41	187.43	9/25/2025	Sep	2025	Market Street
Vegetables	Carrots		36	205.71	9/25/2025	Sep	2025	Market Street
Vegetables	Peppers		3	9.06	9/25/2025	Sep	2025	Market Street
Greens	Kale		24	128.00	9/25/2025	Sep	2025	NAFP
Greens	Collards		12	64.00	9/25/2025	Sep	2025	NAFP
Vegetables	Carrots		21	120.00	9/25/2025	Sep	2025	NAFP
Vegetables	Yellow Squash		36	164.57	9/25/2025	Sep	2025	NAFP
Vegetables	Daikon Radish		36	192.00	9/25/2025	Sep	2025	NAFP
Vegetables	Peppers		2	6.04	9/25/2025	Sep	2025	NAFP
Vegetables	Peppers		3	9.06	9/26/2025	Sep	2025	NAFP
Vegetables	Eggplant		27	123.43	9/26/2025	Sep	2025	NAFP
Vegetables	Tomatillos		31	105.53	9/26/2025	Sep	2025	NAFP
Greens	Lettuce		62	330.67	9/26/2025	Sep	2025	NAFP
Vegetables	Carrots		75	428.57	9/26/2025	Sep	2025	Broad St
Greens	Kale		15	80.00	9/29/2025	Sep	2025	GRIN
Greens	Mustard Greens		34	102.00	9/29/2025	Sep	2025	GRIN
Greens	Lettuce		102	544.00	9/29/2025	Sep	2025	GRIN
Vegetables	Garlic		9	288.00	9/29/2025	Sep	2025	GRIN
Vegetables	Carrots		26	148.57	10/1/2025	Oct	2025	Market Street
Vegetables	Yellow Squash		67	306.29	10/1/2025	Oct	2025	Market Street
Vegetables	Daikon Radish		73	389.33	10/1/2025	Oct	2025	Market Street
Greens	Kale		25	133.33	10/1/2025	Oct	2025	Market Street
Vegetables	Beets		1	3.33	10/1/2025	Oct	2025	Market Street
Vegetables	Acorn Squash		23	50.76	10/1/2025	Oct	2025	Market Street
Vegetables	Cherry Tomatoes		12	36.57	10/1/2025	Oct	2025	Market Street
Vegetables	Carrots		75	428.57	10/1/2025	Oct	2025	Broad St
Vegetables	Cabbage		70	356.69	10/3/2025	Oct	2025	Market Street
Greens	Kale		14	74.67	10/3/2025	Oct	2025	Market Street
Greens	Swiss Chard		6	32.00	10/3/2025	Oct	2025	Market Street
Greens	Collards		18	96.00	10/3/2025	Oct	2025	Market Street
Vegetables	Cherry Tomatoes		12	36.57	10/3/2025	Oct	2025	Market Street
Vegetables	Acorn Squash		23	50.76	10/3/2025	Oct	2025	Market Street
Greens	Kale		55	293.33	10/3/2025	Oct	2025	GRIN
Greens	Collards		69	368.00	10/3/2025	Oct	2025	GRIN
Vegetables	Yellow Squash		35	160.00	10/3/2025	Oct	2025	GRIN
Vegetables	Daikon Radish		56	298.67	10/3/2025	Oct	2025	GRIN
Vegetables	Carrots		23	131.43	10/3/2025	Oct	2025	GRIN
Greens	Cabbage		27	137.58	10/3/2025	Oct	2025	GRIN
Vegetables	Acorn Squash		28	61.79	10/3/2025	Oct	2025	GRIN
Greens	Collards		12	64.00	10/8/2025	Oct	2025	Broad St
Greens	Cabbage		18	91.72	10/8/2025	Oct	2025	Broad St
Vegetables	Turnips		18	64.00	10/8/2025	Oct	2025	Broad St
Vegetables	Daikon Radish		18	96.00	10/8/2025	Oct	2025	Broad St
Vegetables	Radishes		15	80.00	10/8/2025	Oct	2025	Broad St
Greens	Mustard Greens		5.5	16.50	10/8/2025	Oct	2025	Broad St
Greens	Kale		5.5	29.33	10/8/2025	Oct	2025	Broad St
Vegetables	Radishes		21	112.00	10/8/2025	Oct	2025	Market Street
Vegetables	Turnips		20	71.11	10/8/2025	Oct	2025	Market Street
Greens	Kale		7	37.33	10/8/2025	Oct	2025	Market Street
Greens	Collards		6	32.00	10/8/2025	Oct	2025	Market Street
Greens	Mustard Greens		5	15.00	10/8/2025	Oct	2025	Market Street
Greens	Kale		5	26.67	10/8/2025	Oct	2025	Market Street
Greens	Lettuce		9	48.00	10/8/2025	Oct	2025	Market Street
Greens	Swiss Chard		8	42.67	10/8/2025	Oct	2025	Market Street
Vegetables	Acorn Squash		21	46.34	10/8/2025	Oct	2025	Market Street
Vegetables	Radishes		21	112.00	10/8/2025	Oct	2025	NAFP
Greens	Kale		20	106.67	10/8/2025	Oct	2025	NAFP
Greens	Collards		7	37.33	10/8/2025	Oct	2025	NAFP
Greens	Mustard Greens		10	30.00	10/8/2025	Oct	2025	NAFP
Greens	Kale		11	58.67	10/8/2025	Oct	2025	NAFP
Greens	Lettuce		10	53.33	10/8/2025	Oct	2025	NAFP
Greens	Swiss Chard		9	48.00	10/8/2025	Oct	2025	NAFP
Vegetables	Eggplant		53	242.29	10/10/2025	Oct	2025	NAFP
Vegetables	Tomatillos		36	122.55	10/10/2025	Oct	2025	NAFP
Greens	Collards		21	112.00	10/10/2025	Oct	2025	NAFP
Vegetables	Peppers		16	48.30	10/10/2025	Oct	2025	NAFP
Herbs	Basil		12	384.00	10/10/2025	Oct	2025	NAFP
Vegetables	Carrots		62	354.29	10/10/2025	Oct	2025	Market Street
Greens	Kale		10	53.33	10/10/2025	Oct	2025	NAFP
Greens	Mustard Greens		10	30.00	10/10/2025	Oct	2025	NAFP
Greens	Kale		14	74.67	10/10/2025	Oct	2025	NAFP
Vegetables	Radishes		15	80.00	10/10/2025	Oct	2025	NAFP
Vegetables	Carrots		41	234.29	10/10/2025	Oct	2025	NAFP
Herbs	Cilantro		5	160.00	10/13/2025	Oct	2025	GRIN
Vegetables	Radishes		45	240.00	10/13/2025	Oct	2025	GRIN
Greens	Kale		33	176.00	10/13/2025	Oct	2025	GRIN
Greens	Mustard Greens		49	147.00	10/13/2025	Oct	2025	GRIN
Greens	Spinach		14	74.67	10/13/2025	Oct	2025	GRIN
Vegetables	Tomatillos		17	57.87	10/13/2025	Oct	2025	GRIN
Vegetables	Turnips		8	28.44	10/13/2025	Oct	2025	GRIN
Greens	Cabbage		20	101.91	10/15/2025	Oct	2025	OSU Newark
Greens	Lettuce		7	37.33	10/15/2025	Oct	2025	OSU Newark
Greens	Spinach		7	37.33	10/15/2025	Oct	2025	OSU Newark
Greens	Kale		5	26.67	10/15/2025	Oct	2025	OSU Newark
Vegetables	Sweet Potatoes		22	76.52	10/15/2025	Oct	2025	OSU Newark
Vegetables	Butternut Squash		25	55.17	10/15/2025	Oct	2025	OSU Newark
Vegetables	Acorn Squash		12	26.48	10/15/2025	Oct	2025	OSU Newark
Greens	Cabbage		61	310.83	10/15/2025	Oct	2025	Market Street
Greens	Lettuce		7	37.33	10/15/2025	Oct	2025	Market Street
Greens	Mustard Greens		10	30.00	10/15/2025	Oct	2025	Market Street
Greens	Collards		17	90.67	10/15/2025	Oct	2025	Market Street
Greens	Swiss Chard		15	80.00	10/15/2025	Oct	2025	Market Street
Vegetables	Radishes		19	101.33	10/15/2025	Oct	2025	Market Street
Vegetables	Kohlrabi		20	67.23	10/15/2025	Oct	2025	Market Street
Greens	Kale		18	96.00	10/15/2025	Oct	2025	Market Street
Vegetables	Sweet Potatoes		36	125.22	10/15/2025	Oct	2025	Market Street
Vegetables	Butternut Squash		27	59.59	10/15/2025	Oct	2025	Market Street
Vegetables	Acorn Squash		14	30.90	10/15/2025	Oct	2025	Market Street
Vegetables	Butternut Squash		55	121.38	10/17/2025	Oct	2025	Market Street
Vegetables	Acorn Squash		25	55.17	10/17/2025	Oct	2025	Market Street
Vegetables	Zucchini		4	18.29	10/17/2025	Oct	2025	Market Street
Vegetables	Radishes		4	21.33	10/17/2025	Oct	2025	Market Street
Vegetables	Kohlrabi		17	57.14	10/17/2025	Oct	2025	Market Street
Greens	Cabbage		50	254.78	10/17/2025	Oct	2025	Market Street
Greens	Swiss Chard		7	37.33	10/17/2025	Oct	2025	Market Street
Vegetables	Sweet Potatoes		42	146.09	10/17/2025	Oct	2025	Market Street
Greens	Kale		12	64.00	10/17/2025	Oct	2025	Market Street
Vegetables	Butternut Squash		85	187.59	10/17/2025	Oct	2025	Motherful
Vegetables	Kohlrabi		19	63.87	10/17/2025	Oct	2025	Motherful
Vegetables	Daikon Radish		21	112.00	10/17/2025	Oct	2025	Motherful
Vegetables	Onions		9	27.17	10/17/2025	Oct	2025	Motherful
Greens	Kale		20	106.67	10/17/2025	Oct	2025	Motherful
Vegetables	Turnips		7	24.89	10/17/2025	Oct	2025	Motherful
Vegetables	Onions		2	6.04	10/17/2025	Oct	2025	Motherful
Greens	Lettuce		5	26.67	10/17/2025	Oct	2025	Motherful
Vegetables	Butternut Squash		58	128.00	10/17/2025	Oct	2025	GRIN
Vegetables	Acorn Squash		25	55.17	10/17/2025	Oct	2025	GRIN
Greens	Collards		10	53.33	10/17/2025	Oct	2025	GRIN
Vegetables	Onions		3	9.06	10/17/2025	Oct	2025	GRIN
Vegetables	Radishes		6	32.00	10/17/2025	Oct	2025	GRIN
Vegetables	Kohlrabi		17	57.14	10/17/2025	Oct	2025	GRIN
Greens	Cabbage		39	198.73	10/17/2025	Oct	2025	GRIN
Vegetables	Daikon Radish		17	90.67	10/17/2025	Oct	2025	GRIN
Greens	Swiss Chard		5	26.67	10/17/2025	Oct	2025	GRIN
Vegetables	Sweet Potatoes		41	142.61	10/17/2025	Oct	2025	GRIN
Vegetables	Turnips		17	60.44	10/17/2025	Oct	2025	GRIN
Vegetables	Onions		2	6.04	10/17/2025	Oct	2025	GRIN
Greens	Lettuce		32	170.67	10/17/2025	Oct	2025	GRIN
Greens	Kale		15	80.00	10/22/2025	Oct	2025	NAFP
Herbs	Cilantro		3	96.00	10/22/2025	Oct	2025	NAFP
Greens	Mustard Greens		7	21.00	10/22/2025	Oct	2025	NAFP
Greens	Kale		8	42.67	10/22/2025	Oct	2025	NAFP
Vegetables	Radishes		15	80.00	10/22/2025	Oct	2025	NAFP
Greens	Spinach		8	42.67	10/22/2025	Oct	2025	NAFP
Greens	Cabbage		53	270.06	10/22/2025	Oct	2025	NAFP
Vegetables	Sweet Potatoes		20	69.57	10/22/2025	Oct	2025	NAFP
Vegetables	Butternut Squash		40	88.28	10/22/2025	Oct	2025	NAFP
Vegetables	Acorn Squash		29	64.00	10/22/2025	Oct	2025	NAFP
Vegetables	Onions		8	24.15	10/22/2025	Oct	2025	Market Street
Greens	Kale		17	90.67	10/22/2025	Oct	2025	Market Street
Herbs	Cilantro		3	96.00	10/22/2025	Oct	2025	Market Street
Greens	Mustard Greens		6	18.00	10/22/2025	Oct	2025	Market Street
Vegetables	Radishes		17	90.67	10/22/2025	Oct	2025	Market Street
Greens	Spinach		9	48.00	10/22/2025	Oct	2025	Market Street
Greens	Cabbage		55	280.25	10/22/2025	Oct	2025	Market Street
Vegetables	Butternut Squash		70	154.48	10/22/2025	Oct	2025	Market Street
Vegetables	Acorn Squash		40	88.28	10/22/2025	Oct	2025	Market Street
Vegetables	Sweet Potatoes		31	107.83	10/22/2025	Oct	2025	Market Street
Vegetables	Sweet Potatoes		21	73.04	10/24/2025	Oct	2025	GRIN
Greens	Cabbage		54	275.16	10/24/2025	Oct	2025	GRIN
Vegetables	Turnips		10	35.56	10/24/2025	Oct	2025	GRIN
Vegetables	Butternut Squash		39	86.07	10/24/2025	Oct	2025	GRIN
Greens	Cabbage		83	422.93	10/24/2025	Oct	2025	Market Street
Greens	Mustard Greens		3	9.00	10/24/2025	Oct	2025	Market Street
Greens	Kale		3	16.00	10/24/2025	Oct	2025	Market Street
Greens	Kale		26	138.67	10/24/2025	Oct	2025	Market Street
Greens	Collards		10	53.33	10/24/2025	Oct	2025	Market Street
Vegetables	Turnips		17	60.44	10/24/2025	Oct	2025	Market Street
Vegetables	Sweet Potatoes		23	80.00	10/24/2025	Oct	2025	Market Street
Vegetables	Kohlrabi		14	47.06	10/24/2025	Oct	2025	Market Street
Greens	Kale		15	80.00	10/24/2025	Oct	2025	Market Street
Vegetables	Butternut Squash		50	110.34	10/24/2025	Oct	2025	NAFP
Vegetables	Acorn Squash		28	61.79	10/24/2025	Oct	2025	NAFP
Greens	Kale		35	186.67	10/24/2025	Oct	2025	NAFP
Greens	Kale		5	26.67	10/24/2025	Oct	2025	NAFP
Greens	Mustard Greens		5	15.00	10/24/2025	Oct	2025	NAFP
Greens	Spinach		17	90.67	10/24/2025	Oct	2025	NAFP
Greens	Collards		40	213.33	10/24/2025	Oct	2025	NAFP
Greens	Kale		8	42.67	10/29/2025	Oct	2025	Broad St
Greens	Cabbage		77	392.36	10/29/2025	Oct	2025	Broad St
Vegetables	Onions		7	21.13	10/29/2025	Oct	2025	Broad St
Vegetables	Turnips		12	42.67	10/29/2025	Oct	2025	Broad St
Greens	Collards		47	250.67	10/29/2025	Oct	2025	Broad St
Greens	Mustard Greens		8	24.00	10/29/2025	Oct	2025	Broad St
Greens	Kale		18	96.00	10/29/2025	Oct	2025	GRIN
Greens	Cabbage		57	290.45	10/29/2025	Oct	2025	GRIN
Vegetables	Onions		5	15.09	10/29/2025	Oct	2025	GRIN
Vegetables	Turnips		14	49.78	10/29/2025	Oct	2025	GRIN
Vegetables	Brussels Sprouts		10	51.60	10/29/2025	Oct	2025	GRIN
Greens	Swiss Chard		13	69.33	10/29/2025	Oct	2025	GRIN
Vegetables	Kohlrabi		6	20.17	10/29/2025	Oct	2025	GRIN
Vegetables	Butternut Squash		16	35.31	10/29/2025	Oct	2025	GRIN
Vegetables	Acorn Squash		16	35.31	10/29/2025	Oct	2025	GRIN
Greens	Kale		14	74.67	10/29/2025	Oct	2025	GRIN
Greens	Swiss Chard		13	69.33	10/29/2025	Oct	2025	Market Street
Greens	Kale		15	80.00	10/29/2025	Oct	2025	Market Street
Greens	Cabbage		60	305.73	10/29/2025	Oct	2025	Market Street
Vegetables	Onions		8	24.15	10/29/2025	Oct	2025	Market Street
Vegetables	TUrnips		14	49.78	10/29/2025	Oct	2025	Market Street
Vegetables	Butternut Squash		16	35.31	10/29/2025	Oct	2025	Market Street
Vegetables	Acorn Squash		16	35.31	10/29/2025	Oct	2025	Market Street
Vegetables	Brussels Sprouts		10	51.60	10/29/2025	Oct	2025	Market Street
Greens	Kale		7	37.33	10/29/2025	Oct	2025	Market Street
Greens	Mustard Greens		8	24.00	10/29/2025	Oct	2025	Market Street
Greens	Lettuce		8	42.67	10/31/2025	Oct	2025	GRIN
Greens	Mustard Greens		2	6.00	10/31/2025	Oct	2025	GRIN
Greens	Kale		10	53.33	10/31/2025	Oct	2025	GRIN
Greens	Collards		13	69.33	10/31/2025	Oct	2025	GRIN
Greens	Swiss Chard		6	32.00	10/31/2025	Oct	2025	GRIN
Vegetables	Turnips		27	96.00	10/31/2025	Oct	2025	GRIN
Vegetables	Onions		5	15.09	10/31/2025	Oct	2025	GRIN
Greens	Cabbage		94	478.98	10/31/2025	Oct	2025	GRIN
Greens	Lettuce		8	42.67	10/31/2025	Oct	2025	Market Street
Greens	Mustard Greens		2	6.00	10/31/2025	Oct	2025	Market Street
Greens	Kale		11	58.67	10/31/2025	Oct	2025	Market Street
Greens	Collards		13	69.33	10/31/2025	Oct	2025	Market Street
Greens	Swiss Chard		5	26.67	10/31/2025	Oct	2025	Market Street
Vegetables	Turnips		26	92.44	10/31/2025	Oct	2025	Market Street
Vegetables	Onions		5	15.09	10/31/2025	Oct	2025	Market Street
Greens	Cabbage		90	458.60	10/31/2025	Oct	2025	Market Street